Timestamp,Motor1,Motor2,Motor3,Motor4
0.29792191700000004,1023,2048,2048,2049
0.32164188000000005,1023,2048,2048,2049
0.354801171,1023,2048,2048,2049
0.391528668,1023,2048,2048,2049
0.45683985200000005,1023,2048,2048,2049
0.48312574700000005,1023,2048,2048,2049
0.541810777,1023,2048,2048,2049
0.560211107,1023,2048,2048,2049
0.573526764,1023,2048,2048,2049
0.605969937,1023,2048,2048,2049
0.643395197,1023,2048,2048,2049
0.6660210480000001,1023,2048,2048,2049
0.691158601,1023,2048,2048,2049
0.7167442430000001,1023,2048,2048,2049
0.745280347,1023,2048,2048,2049
0.7603921680000001,1023,2048,2048,2049
0.78408387,1023,2048,2048,2049
0.8047819690000001,1023,2048,2048,2049
0.836450427,1023,2048,2048,2049
0.849250864,1023,2048,2048,2049
0.867870955,1023,2048,2048,2049
0.889673986,1023,2048,2048,2049
0.9109262450000001,1023,2048,2048,2049
0.9277334450000001,1023,2048,2048,2049
0.9406953910000001,1023,2048,2048,2049
0.9566675020000001,1023,2048,2048,2049
0.980207888,1023,2048,2048,2049
1.0034012220000001,1023,2048,2048,2049
1.019206328,1023,2048,2048,2049
1.0312457080000001,1023,2048,2048,2049
1.0545845090000001,1023,2048,2048,2049
1.077074512,1023,2048,2048,2049
1.08945932,1023,2048,2048,2049
1.111456095,1023,2048,2048,2049
1.133607797,1023,2048,2048,2049
1.146172087,1023,2048,2048,2049
1.158106228,1023,2048,2048,2049
1.181510869,1023,2048,2048,2049
1.199399797,1023,2048,2048,2049
1.210075665,1023,2048,2048,2049
1.230597006,1023,2048,2048,2049
1.2510670320000001,1023,2048,2048,2049
1.2716363860000002,1023,2048,2048,2049
1.292200751,1023,2048,2048,2049
1.312374394,1023,2048,2048,2049
1.3322087280000001,1023,2048,2048,2049
1.345062784,1023,2048,2048,2049
1.386108997,1023,2048,2048,2049
1.4075491720000002,1023,2048,2048,2049
1.4300050770000001,1023,2048,2048,2049
1.443735828,1023,2048,2048,2049
1.464692094,1023,2048,2048,2049
1.486929645,1023,2048,2048,2049
1.5090085930000001,1023,2048,2048,2049
1.5299438570000001,1023,2048,2048,2049
1.551085843,1023,2048,2048,2049
1.575803284,1023,2048,2048,2049
1.6075178280000002,1023,2048,2048,2049
1.6407630050000002,1023,2048,2048,2049
1.6540143170000001,1023,2048,2048,2049
1.677636562,1023,2048,2048,2049
1.714930553,1023,2048,2048,2049
1.7329298530000001,1023,2048,2048,2049
1.7557514660000002,1023,2048,2048,2049
1.790144404,1023,2048,2048,2049
1.80234578,1023,2048,2048,2049
1.8249573620000001,1023,2048,2048,2049
1.846950123,1023,2048,2048,2049
1.8683788410000002,1023,2048,2048,2049
1.8908128480000002,1023,2048,2048,2049
1.912728728,1023,2048,2048,2049
1.9343506330000002,1023,2048,2048,2049
1.946087933,1023,2048,2048,2049
1.96694969,1023,2048,2048,2049
1.987487089,1023,2048,2048,2049
2.008985752,1023,2048,2048,2049
2.031810291,1023,2048,2048,2049
2.054450434,1023,2048,2048,2049
2.0767489830000003,1023,2048,2048,2049
2.089081814,1023,2048,2048,2049
2.112677573,1023,2048,2048,2049
2.147204253,1023,2048,2048,2049
2.171654145,1023,2048,2048,2049
2.186129605,1023,2048,2048,2049
2.208379377,1023,2048,2048,2049
2.2305981960000003,1023,2048,2048,2049
2.252044375,1023,2048,2048,2049
2.275320458,1023,2048,2048,2049
2.300060496,1023,2048,2048,2049
2.318940264,1023,2048,2048,2049
2.341223815,1023,2048,2048,2049
2.367661055,1023,2048,2048,2049
2.386055883,1023,2048,2048,2049
2.400826393,1023,2048,2048,2049
2.4164250920000003,1023,2048,2048,2049
2.428149572,1023,2048,2048,2049
2.4499050490000003,1023,2048,2048,2049
2.4709955860000004,1023,2048,2048,2049
2.4929783850000002,1023,2048,2048,2049
2.5153230310000003,1023,2048,2048,2049
2.5381024880000003,1023,2048,2048,2049
2.560930776,1023,2048,2048,2049
2.5807380440000003,1023,2048,2048,2049
2.6000071200000003,1023,2048,2048,2049
2.630265522,1023,2048,2048,2049
2.649902017,1023,2048,2048,2049
2.669481443,1023,2048,2048,2049
2.6901411750000004,1023,2048,2048,2049
2.704870371,1023,2048,2048,2049
2.728518614,1023,2048,2048,2049
2.7493998630000003,1023,2048,2048,2049
2.760614785,1023,2048,2048,2049
2.780487189,1023,2048,2048,2049
2.801291926,1023,2048,2048,2049
2.824646297,1023,2048,2048,2049
2.835539614,1023,2048,2048,2049
2.8556759940000003,1023,2048,2048,2049
2.8856154590000003,1023,2048,2048,2049
2.9174660290000003,1023,2048,2048,2049
2.9371259210000003,1023,2048,2048,2049
2.957873129,1023,2048,2048,2049
2.97472139,1023,2048,2048,2049
2.987167909,1023,2048,2048,2049
3.0071007020000002,1023,2048,2048,2049
3.027752188,1023,2048,2048,2049
3.0448966420000003,1023,2048,2048,2049
3.0827456300000002,1023,2048,2048,2049
3.106769315,1023,2048,2048,2049
3.121323449,1023,2048,2048,2049
3.1424174710000004,1023,2048,2048,2049
3.1634160880000004,1023,2048,2048,2049
3.1841969060000004,1023,2048,2048,2049
3.1960016490000003,1023,2048,2048,2049
3.235379249,1023,2048,2048,2049
3.2578007760000003,1023,2048,2048,2049
3.2771103060000004,1023,2048,2048,2049
3.2968474760000004,1023,2048,2048,2049
3.317041311,1023,2048,2048,2049
3.347739089,1023,2048,2048,2049
3.3790824350000004,1023,2048,2048,2049
3.391104824,1023,2048,2048,2049
3.4027350910000003,1023,2048,2048,2049
3.426889044,1023,2048,2048,2049
3.447843542,1023,2048,2048,2049
3.4691477920000002,1023,2048,2048,2049
3.4903502960000004,1023,2048,2048,2049
3.511153542,1023,2048,2048,2049
3.53248072,1023,2048,2048,2049
3.554304445,1023,2048,2048,2049
3.5761065490000004,1023,2048,2048,2049
3.5988789100000003,1023,2048,2048,2049
3.639818876,1023,2048,2048,2049
3.6655507330000003,1023,2048,2048,2049
3.6915209370000004,1023,2048,2048,2049
3.705948315,1023,2048,2048,2049
3.731813949,1023,2048,2048,2049
3.7453583220000004,1023,2048,2048,2049
3.769160552,1023,2048,2048,2049
3.7823555110000004,1023,2048,2048,2049
3.804727429,1023,2048,2048,2049
3.8264943450000004,1023,2048,2048,2049
3.8477709480000004,1023,2048,2048,2049
3.8692368700000004,1023,2048,2048,2049
3.8906861630000003,1023,2048,2048,2049
3.912646435,1023,2048,2048,2049
3.9348360330000003,1023,2048,2048,2049
3.9510703530000004,1023,2048,2048,2049
3.972726354,1023,2048,2048,2049
3.9939221220000003,1023,2048,2048,2049
4.0147734690000005,1023,2048,2048,2049
4.037788681,1023,2048,2048,2049
4.058507696,1023,2048,2048,2049
4.0798118180000005,1023,2048,2048,2049
4.1011034120000005,1023,2048,2048,2049
4.113402629,1023,2048,2048,2049
4.154482006,1023,2048,2048,2049
4.173365757,1023,2048,2048,2049
4.205460762,1023,2048,2048,2049
4.217763801,1023,2048,2048,2049
4.239254084000001,1023,2048,2048,2049
4.262322511000001,1023,2048,2048,2049
4.278759533000001,1023,2048,2048,2049
4.294177751,1023,2048,2048,2049
4.325623666,1023,2048,2048,2049
4.347092004,1023,2048,2048,2049
4.361207945,1023,2048,2048,2049
4.3834180730000005,1023,2048,2048,2049
4.396951197,1023,2048,2048,2049
4.418080426,1023,2048,2048,2049
4.4396024810000005,1023,2048,2048,2049
4.460762109,1023,2048,2048,2049
4.473490663000001,1023,2048,2048,2049
4.495731729,1023,2048,2048,2049
4.5173043,1023,2048,2048,2049
4.52951398,1023,2048,2048,2049
4.551996643,1023,2048,2048,2049
4.575792811,1023,2048,2048,2049
4.602890804,1023,2048,2048,2049
4.624808692,1023,2048,2048,2049
4.647185644,1023,2048,2048,2049
4.669386093,1023,2048,2048,2049
4.692377321,1023,2048,2048,2049
4.716033264,1023,2048,2048,2049
4.738802372,1023,2048,2048,2049
4.761668356,1023,2048,2048,2049
4.7745065140000005,1023,2048,2048,2049
4.787269061,1023,2048,2048,2049
4.810409171,1023,2048,2048,2049
4.82248463,1023,2048,2048,2049
4.8431054520000005,1023,2048,2048,2049
4.8638310570000005,1023,2048,2048,2049
4.884698303,1023,2048,2048,2049
4.9056371930000005,1023,2048,2048,2049
4.925839046,1023,2048,2048,2049
4.946556769000001,1023,2048,2048,2049
4.967325678,1023,2048,2048,2049
4.987885636000001,1023,2048,2048,2049
5.008697701,1023,2048,2048,2049
5.032788432,1023,2048,2048,2049
5.054507777,1023,2048,2048,2049
5.075685077,1023,2048,2048,2049
5.098091973000001,1023,2048,2048,2049
5.119340073,1023,2048,2048,2049
5.140962366,1023,2048,2048,2049
5.156042983000001,1023,2048,2048,2049
5.1900771400000005,1023,2048,2048,2049
5.211560426,1023,2048,2048,2049
5.2386871500000005,1023,2048,2048,2049
5.253180048,1023,2048,2048,2049
5.285090135,1023,2048,2048,2049
5.305617476,1023,2048,2048,2049
5.3248369460000005,1023,2048,2048,2049
5.344630457,1023,2048,2048,2049
5.363852564,1023,2048,2048,2049
5.384555561,1023,2048,2048,2049
5.407062654000001,1023,2048,2048,2049
5.425453201000001,1023,2048,2048,2049
5.445868882,1023,2048,2048,2049
5.465923568,1023,2048,2048,2049
5.48622732,1023,2048,2048,2049
5.508510751,1023,2048,2048,2049
5.519838187,1023,2048,2048,2049
5.540070609000001,1023,2048,2048,2049
5.559895179000001,1023,2048,2048,2049
5.580231486000001,1023,2048,2048,2049
5.600590400000001,1023,2048,2048,2049
5.620768743,1023,2048,2048,2049
5.640577597,1023,2048,2048,2049
5.6613012000000005,1023,2048,2048,2049
5.681571760000001,1023,2048,2048,2049
5.701699124,1023,2048,2048,2049
5.718454398,1023,2048,2048,2049
5.7388267630000005,1023,2048,2048,2049
5.759240886000001,1023,2048,2048,2049
5.7788756160000005,1023,2048,2048,2049
5.798487528000001,1023,2048,2048,2049
5.8203357680000005,1023,2048,2048,2049
5.842313891000001,1023,2048,2048,2049
5.863301522,1023,2048,2048,2049
5.874847374000001,1023,2048,2048,2049
5.903853505000001,1023,2048,2048,2049
5.934093507,1023,2048,2048,2049
5.947088155,1023,2048,2048,2049
5.969969202000001,1023,2048,2048,2049
5.990470732,1023,2048,2048,2049
6.0109162320000005,1023,2048,2048,2049
6.031868191,1023,2048,2048,2049
6.053504308,1023,2048,2048,2049
6.075112758,1023,2048,2048,2049
6.096643738,1023,2048,2048,2049
6.118351567,1023,2048,2048,2049
6.139843450000001,1023,2048,2048,2049
6.151699034,1023,2048,2048,2049
6.1839748750000005,1023,2048,2048,2049
6.207185171000001,1023,2048,2048,2049
6.227958619000001,1023,2048,2048,2049
6.247917936,1023,2048,2048,2049
6.259585396,1023,2048,2048,2049
6.2797191230000005,1023,2048,2048,2049
6.300539763000001,1023,2048,2048,2049
6.321606836,1023,2048,2048,2049
6.351487989000001,1023,2048,2048,2049
6.366899972000001,1023,2048,2048,2049
6.4022055380000005,1023,2048,2048,2049
6.422675615,1023,2048,2048,2049
6.4553814460000005,1023,2048,2048,2049
6.474711798,1023,2048,2048,2049
6.494993857000001,1023,2048,2048,2049
6.518103256000001,1023,2048,2048,2049
6.537923287000001,1023,2048,2048,2049
6.558104907000001,1023,2048,2048,2049
6.594568305,1023,2048,2048,2049
6.610433164000001,1023,2048,2048,2049
6.640062083,1023,2048,2048,2049
6.651792996,1023,2048,2048,2049
6.6716598860000005,1023,2048,2048,2049
6.692088066,1023,2048,2048,2049
6.712351642000001,1023,2048,2048,2049
6.7321057280000005,1023,2048,2048,2049
6.743049207,1023,2048,2048,2049
6.763392149,1023,2048,2048,2049
6.784042746000001,1023,2048,2048,2049
6.80431936,1023,2048,2048,2049
6.824210443,1023,2048,2048,2049
6.844503463000001,1023,2048,2048,2049
6.864614653,1023,2048,2048,2049
6.884616071000001,1023,2048,2048,2049
6.905042183000001,1023,2048,2048,2049
6.926144832,1023,2048,2048,2049
6.946897754,1023,2048,2048,2049
6.958361404000001,1023,2048,2048,2049
6.9776321040000004,1023,2048,2048,2049
6.998364987,1023,2048,2048,2049
7.027893595,1023,2048,2048,2049
7.039582279,1023,2048,2048,2049
7.0598215280000005,1023,2048,2048,2049
7.079955835000001,1023,2048,2048,2049
7.091250355000001,1023,2048,2048,2049
7.111183948000001,1023,2048,2048,2049
7.13242506,1023,2048,2048,2049
7.1574022280000005,1023,2048,2048,2049
7.181767602000001,1023,2048,2048,2049
7.1926701930000005,1023,2048,2048,2049
7.212605164,1023,2048,2048,2049
7.2243674890000005,1023,2048,2048,2049
7.249906622,1023,2048,2048,2049
7.270975627,1023,2048,2048,2049
7.305970066,1023,2048,2048,2049
7.3266408190000005,1023,2048,2048,2049
7.349061844,1023,2048,2048,2049
7.369653359000001,1023,2048,2048,2049
7.3905295440000005,1023,2048,2048,2049
7.405560161,1023,2048,2048,2049
7.4299108050000005,1023,2048,2048,2049
7.457111049000001,1023,2048,2048,2049
7.483065879000001,1023,2048,2048,2049
7.509260651000001,1023,2048,2048,2049
7.528589953000001,1023,2048,2048,2049
7.542376555000001,1023,2048,2048,2049
7.558296126,1023,2048,2048,2049
7.578314282000001,1023,2048,2048,2049
7.598831132000001,1023,2048,2048,2049
7.610273789000001,1023,2048,2048,2049
7.622479635,1023,2048,2048,2049
7.63365863,1023,2048,2048,2049
7.654308808000001,1023,2048,2048,2049
7.675090051000001,1023,2048,2048,2049
7.695308720000001,1023,2048,2048,2049
7.712346126000001,1023,2048,2048,2049
7.726810427,1023,2048,2048,2049
7.750978115000001,1023,2048,2048,2049
7.781378656,1023,2048,2048,2049
7.801918497000001,1023,2048,2048,2049
7.823082650000001,1023,2048,2048,2049
7.842728679,1023,2048,2048,2049
7.862631707,1023,2048,2048,2049
7.882913112000001,1023,2048,2048,2049
7.903222874000001,1023,2048,2048,2049
7.914946552000001,1023,2048,2048,2049
7.927799004000001,1023,2048,2048,2049
7.965204888000001,1023,2048,2048,2049
7.984175106,1023,2048,2048,2049
8.004530444,1023,2048,2048,2049
8.025010905,1023,2048,2048,2049
8.046432456,1023,2048,2048,2049
8.081032421,1023,2048,2048,2049
8.098284233000001,1023,2048,2048,2049
8.120200587000001,1023,2048,2048,2049
8.133713901,1023,2048,2048,2049
8.166205989,1023,2048,2048,2049
8.188783064,1023,2048,2048,2049
8.219973973,1023,2048,2048,2049
8.25470793,1023,2048,2048,2049
8.279021756,1023,2048,2048,2049
8.300649177,1023,2048,2048,2049
8.322722223000001,1023,2048,2048,2049
8.344870030000001,1023,2048,2048,2049
8.36818502,1023,2048,2048,2049
8.38995878,1023,2048,2048,2049
8.417241114000001,1023,2048,2048,2049
8.438892473000001,1023,2048,2048,2049
8.460004582,1023,2048,2048,2049
8.481353391,1023,2048,2048,2049
8.493516634,1023,2048,2048,2049
8.52711908,1023,2048,2048,2049
8.542295205,1023,2048,2048,2049
8.560676528,1023,2048,2048,2049
8.584400351000001,1023,2048,2048,2049
8.605158714,1023,2048,2048,2049
8.625887255,1023,2048,2048,2049
8.646764256,1023,2048,2048,2049
8.667745027,1023,2048,2048,2049
8.690277838,1023,2048,2048,2049
8.712548426,1023,2048,2048,2049
8.734394672,1023,2048,2048,2049
8.75818184,1023,2048,2048,2049
8.781563235,1023,2048,2048,2049
8.804882853,1023,2048,2048,2049
8.826271605,1023,2048,2048,2049
8.848519524,1023,2048,2048,2049
8.871523065,1023,2048,2048,2049
8.884322373,1023,2048,2048,2049
8.924180135,1023,2048,2048,2049
8.945928315,1023,2048,2048,2049
8.975222022,1023,2048,2048,2049
8.995494085,1023,2048,2048,2049
9.006905091,1023,2048,2048,2049
9.019522817,1023,2048,2048,2049
9.040716517,1023,2048,2048,2049
9.065255224000001,1023,2048,2048,2049
9.084927522000001,1023,2048,2048,2049
9.116499261000001,1023,2048,2048,2049
9.147108628,1023,2048,2048,2049
9.160022955,1023,2048,2048,2049
9.180893189,1023,2048,2048,2049
9.203521337,1023,2048,2048,2049
9.225293422,1023,2048,2048,2049
9.247311491000001,1023,2048,2048,2049
9.269184958,1023,2048,2048,2049
9.282519692000001,1023,2048,2048,2049
9.308975106,1023,2048,2048,2049
9.321075603,1023,2048,2048,2049
9.334662134,1023,2048,2048,2049
9.355505822000001,1023,2048,2048,2049
9.393200682,1023,2048,2048,2049
9.417909506,1023,2048,2048,2049
9.438477240000001,1023,2048,2048,2049
9.449688451,1023,2048,2048,2049
9.469767131000001,1023,2048,2048,2049
9.490397621000001,1023,2048,2048,2049
9.502473656000001,1023,2048,2048,2049
9.514469142000001,1023,2048,2048,2049
9.525742187,1023,2048,2048,2049
9.546208268,1023,2048,2048,2049
9.566530445,1023,2048,2048,2049
9.587071431,1023,2048,2048,2049
9.607966357,1023,2048,2048,2049
9.63847074,1023,2048,2048,2049
9.651388751,1023,2048,2048,2049
9.671578624,1023,2048,2048,2049
9.693059846,1023,2048,2048,2049
9.72557575,1023,2048,2048,2049
9.754574913,1023,2048,2048,2049
9.767306968,1023,2048,2048,2049
9.780580878,1023,2048,2048,2049
9.796785057000001,1023,2048,2048,2049
9.818680408,1023,2048,2048,2049
9.854710423,1023,2048,2048,2049
9.867673479,1023,2048,2048,2049
9.887839594,1023,2048,2048,2049
9.900985822,1023,2048,2048,2049
9.921681399,1023,2048,2048,2049
9.958544783,1023,2048,2048,2049
9.980201224,1023,2048,2048,2049
9.999628182,1023,2048,2048,2049
10.018919367,1023,2048,2048,2049
10.038995147000001,1023,2048,2048,2049
10.058887768,1023,2048,2048,2049
10.070877032,1023,2048,2048,2049
10.091434709000001,1023,2048,2048,2049
10.115244288000001,1023,2048,2048,2049
10.136317567,1023,2048,2048,2049
10.167473681,1023,2048,2048,2049
10.188139609,1023,2048,2048,2049
10.209301914000001,1023,2048,2048,2049
10.229793688,1023,2048,2048,2049
10.251209318,1023,2048,2048,2049
10.272690419,1023,2048,2048,2049
10.295585485,1023,2048,2048,2049
10.307414190000001,1023,2048,2048,2049
10.328913126,1023,2048,2048,2049
10.350717693,1023,2048,2048,2049
10.372237195,1023,2048,2048,2049
10.393625879,1023,2048,2048,2049
10.415082712,1023,2048,2048,2049
10.436455525000001,1023,2048,2048,2049
10.458307523,1023,2048,2048,2049
10.479660313,1023,2048,2048,2049
10.501876989000001,1023,2048,2048,2049
10.524271745,1023,2048,2048,2049
10.546140614,1023,2048,2048,2049
10.567463633000001,1023,2048,2048,2049
10.579406793,1023,2048,2048,2049
10.60136432,1023,2048,2048,2049
10.623828852,1023,2048,2048,2049
10.645374107,1023,2048,2048,2049
10.667383135000001,1023,2048,2048,2049
10.702072917,1023,2048,2048,2049
10.715630777000001,1023,2048,2048,2049
10.735887903,1023,2048,2048,2049
10.756120432000001,1023,2048,2048,2049
10.776028849000001,1023,2048,2048,2049
10.800284774000001,1023,2048,2048,2049
10.821387849,1023,2048,2048,2049
10.841678968,1023,2048,2048,2049
10.862033157,1023,2048,2048,2049
10.873792778,1023,2048,2048,2049
10.894469685,1023,2048,2048,2049
10.906049663000001,1023,2048,2048,2049
10.926846569,1023,2048,2048,2049
10.946869324000001,1023,2048,2048,2049
10.96688289,1023,2048,2048,2049
10.987270302,1023,2048,2048,2049
11.006503592000001,1023,2048,2048,2049
11.026550053000001,1023,2048,2048,2049
11.046050318,1023,2048,2048,2049
11.066793253,1023,2048,2048,2049
11.095526793000001,1023,2048,2048,2049
11.121776776,1023,2048,2048,2049
11.141588427,1023,2048,2048,2049
11.162204212,1023,2048,2048,2049
11.182624822000001,1023,2048,2048,2049
11.203428393000001,1023,2048,2048,2049
11.214723882000001,1023,2048,2048,2049
11.235428711,1023,2048,2048,2049
11.25651657,1023,2048,2048,2049
11.267885502,1023,2048,2048,2049
11.279203466,1023,2048,2048,2049
11.290550388000002,1023,2048,2048,2049
11.31162031,1023,2048,2048,2049
11.332727298,1023,2048,2048,2049
11.354360399,1023,2048,2048,2049
11.375015284,1023,2048,2048,2049
11.386410817000002,1023,2048,2048,2049
11.40676282,1023,2048,2048,2049
11.417978588,1023,2048,2048,2049
11.429677275000001,1023,2048,2048,2049
11.462477467000001,1023,2048,2048,2049
11.486983794,1023,2048,2048,2049
11.507288905000001,1023,2048,2048,2049
11.527540378000001,1023,2048,2048,2049
11.548682376,1023,2048,2048,2049
11.569014907000001,1023,2048,2048,2049
11.589148916000001,1023,2048,2048,2049
11.608858486,1023,2048,2048,2049
11.629476586000001,1023,2048,2048,2049
11.650022134,1023,2048,2048,2049
11.671416337,1023,2048,2048,2049
11.692004423,1023,2048,2048,2049
11.712575300000001,1023,2048,2048,2049
11.733931777,1023,2048,2048,2049
11.755033195000001,1023,2048,2048,2049
11.76648158,1023,2048,2048,2049
11.787262956000001,1023,2048,2048,2049
11.798562095000001,1023,2048,2048,2049
11.818724215000001,1023,2048,2048,2049
11.839341949000001,1023,2048,2048,2049
11.859871907,1023,2048,2048,2049
11.871055828000001,1023,2048,2048,2049
11.891393788,1023,2048,2048,2049
11.912039167000001,1023,2048,2048,2049
11.932094087000001,1023,2048,2048,2049
11.952417347,1023,2048,2048,2049
11.964093975,1023,2048,2048,2049
11.985795312,1023,2048,2048,2049
12.007303014000001,1023,2048,2048,2049
12.021036402,1023,2048,2048,2049
12.042444333,1023,2048,2048,2049
12.057115787,1023,2048,2048,2049
12.09352231,1023,2048,2048,2049
12.107237419,1023,2048,2048,2049
12.128320794,1023,2048,2048,2049
12.149100336,1023,2048,2048,2049
12.169968499000001,1023,2048,2048,2049
12.191231853000001,1023,2048,2048,2049
12.212247856000001,1023,2048,2048,2049
12.233405418,1023,2048,2048,2049
12.254508552,1023,2048,2048,2049
12.275355034,1023,2048,2048,2049
12.296387201,1023,2048,2048,2049
12.317891818000001,1023,2048,2048,2049
12.338959828,1023,2048,2048,2049
12.360414934000001,1023,2048,2048,2049
12.381932442,1023,2048,2048,2049
12.402870172,1023,2048,2048,2049
12.423855272,1023,2048,2048,2049
12.444620037,1023,2048,2048,2049
12.466471460000001,1023,2048,2048,2049
12.487685394000001,1023,2048,2048,2049
12.509093229000001,1023,2048,2048,2049
12.530141855,1023,2048,2048,2049
12.542030485000002,1023,2048,2048,2049
12.563086746000002,1023,2048,2048,2049
12.585877358000001,1023,2048,2048,2049
12.607046975000001,1023,2048,2048,2049
12.628603232000001,1023,2048,2048,2049
12.651993369000001,1023,2048,2048,2049
12.692843150000002,1023,2048,2048,2049
12.714989147,1023,2048,2048,2049
12.746888284,1023,2048,2048,2049
12.782841488,1023,2048,2048,2049
12.796882795,1023,2048,2048,2049
12.818496199,1023,2048,2048,2049
12.847410812000001,1023,2048,2048,2049
12.868604921000001,1023,2048,2048,2049
12.890368654000001,1023,2048,2048,2049
12.911989733,1023,2048,2048,2049
12.9235065,1023,2048,2048,2049
12.948030964,1023,2048,2048,2049
12.979896276000002,1023,2048,2048,2049
13.000294071,1023,2048,2048,2049
13.029642149,1023,2048,2048,2049
13.068953658000002,1023,2048,2048,2049
13.092418403000002,1023,2048,2048,2049
13.107141604,1023,2048,2048,2049
13.127703167,1023,2048,2048,2049
13.148561712000001,1023,2048,2048,2049
13.169755305,1023,2048,2048,2049
13.190524327,1023,2048,2048,2049
13.211377628000001,1023,2048,2048,2049
13.223367772000001,1023,2048,2048,2049
13.245115598000002,1023,2048,2048,2049
13.26647859,1023,2048,2048,2049
13.287391404000001,1023,2048,2048,2049
13.309285098,1023,2048,2048,2049
13.330310891000002,1023,2048,2048,2049
13.351838806,1023,2048,2048,2049
13.373315661000001,1023,2048,2048,2049
13.394545457000001,1023,2048,2048,2049
13.406766032,1023,2048,2048,2049
13.428762956000002,1023,2048,2048,2049
13.45055684,1023,2048,2048,2049
13.462564680000002,1023,2048,2048,2049
13.485938237000001,1023,2048,2048,2049
13.507448627,1023,2048,2048,2049
13.528955473000002,1023,2048,2048,2049
13.551180621,1023,2048,2048,2049
13.573293366000001,1023,2048,2048,2049
13.584960798000001,1023,2048,2048,2049
13.606250619,1023,2048,2048,2049
13.627360249,1023,2048,2048,2049
13.648929299,1023,2048,2048,2049
13.670248459000002,1023,2048,2048,2049
13.693721924,1023,2048,2048,2049
13.706180728000001,1023,2048,2048,2049
13.727959746000002,1023,2048,2048,2049
13.749796021000002,1023,2048,2048,2049
13.771147117000002,1023,2048,2048,2049
13.79253603,1023,2048,2048,2049
13.814747588000001,1023,2048,2048,2049
13.836154543000001,1023,2048,2048,2049
13.858522309000001,1023,2048,2048,2049
13.881725126000001,1023,2048,2048,2049
13.904115151000001,1023,2048,2048,2049
13.916344776,1023,2048,2048,2049
13.943072867000001,1023,2048,2048,2049
13.964867877000001,1023,2048,2048,2049
13.986169232000002,1023,2048,2048,2049
14.008449775,1023,2048,2048,2049
14.030361784,1023,2048,2048,2049
14.052242023000002,1023,2048,2048,2049
14.074838753000002,1023,2048,2048,2049
14.087743484,1023,2048,2048,2049
14.110635675000001,1023,2048,2048,2049
14.137568374,1023,2048,2048,2049
14.150647504,1023,2048,2048,2049
14.173304418,1023,2048,2048,2049
14.199696291,1023,2048,2048,2049
14.227309530000001,1023,2048,2048,2049
14.249949634,1023,2048,2048,2049
14.274345718000001,1023,2048,2048,2049
14.293323860000001,1023,2048,2048,2049
14.327185059000001,1023,2048,2048,2049
14.349618072,1023,2048,2048,2049
14.371622805000001,1023,2048,2048,2049
14.393500123,1023,2048,2048,2049
14.41584366,1023,2048,2048,2049
14.438066483,1023,2048,2048,2049
14.450778317000001,1023,2048,2048,2049
14.472321610000002,1023,2048,2048,2049
14.493562101,1023,2048,2048,2049
14.515345247,1023,2048,2048,2049
14.537929354000001,1023,2048,2048,2049
14.561772498000002,1023,2048,2048,2049
14.585792601000001,1023,2048,2048,2049
14.621475802,1023,2048,2048,2049
14.643709842000002,1023,2048,2048,2049
14.665096178,1023,2048,2048,2049
14.678283032000001,1023,2048,2048,2049
14.700062213,1023,2048,2048,2049
14.711875885000001,1023,2048,2048,2049
14.734603458,1023,2048,2048,2049
14.755992888000002,1023,2048,2048,2049
14.768199174000001,1023,2048,2048,2049
14.790140004000001,1023,2048,2048,2049
14.812336763000001,1023,2048,2048,2049
14.834259658,1023,2048,2048,2049
14.855841257000002,1023,2048,2048,2049
14.877554541,1023,2048,2048,2049
14.899205259,1023,2048,2048,2049
14.92653984,1023,2048,2048,2049
14.939479502000001,1023,2048,2048,2049
14.951383577000001,1023,2048,2048,2049
14.964356126,1023,2048,2048,2049
14.986514860000002,1023,2048,2048,2049
15.007825462000001,1023,2048,2048,2049
15.020143737000001,1023,2048,2048,2049
15.042116906,1023,2048,2048,2049
15.063935366,1023,2048,2048,2049
15.085188242000001,1023,2048,2048,2049
15.107890491000001,1023,2048,2048,2049
15.130114385,1023,2048,2048,2049
15.152751487000002,1023,2048,2048,2049
15.174604904,1023,2048,2048,2049
15.196429685000002,1023,2048,2048,2049
15.219149027,1023,2048,2048,2049
15.239909415000001,1023,2048,2048,2049
15.252061907000002,1023,2048,2048,2049
15.264409111,1023,2048,2048,2049
15.294531387000001,1023,2048,2048,2049
15.320721534,1023,2048,2048,2049
15.353149969,1023,2048,2048,2049
15.365418779,1023,2048,2048,2049
15.398847813000001,1023,2048,2048,2049
15.420085005,1023,2048,2048,2049
15.438725655,1023,2048,2048,2049
15.463178224000002,1023,2048,2048,2049
15.475244184000001,1023,2048,2048,2049
15.495739297,1023,2048,2048,2049
15.517209745,1023,2048,2048,2049
15.530464397000001,1023,2048,2048,2049
15.552656142000002,1023,2048,2048,2049
15.573652426,1023,2048,2048,2049
15.594472102000001,1023,2048,2048,2049
15.615417324000001,1023,2048,2048,2049
15.637064305,1023,2048,2048,2049
15.663153777000002,1023,2048,2048,2049
15.684890752000001,1023,2048,2048,2049
15.706156219,1023,2048,2048,2049
15.727930483000002,1023,2048,2048,2049
15.749850792,1023,2048,2048,2049
15.771742174000002,1023,2048,2048,2049
15.793302527000002,1023,2048,2048,2049
15.815459591000002,1023,2048,2048,2049
15.837459747,1023,2048,2048,2049
15.859243811,1023,2048,2048,2049
15.880929034000001,1023,2048,2048,2049
15.913183849000001,1023,2048,2048,2049
15.941533366000002,1023,2048,2048,2049
15.961823523000001,1023,2048,2048,2049
15.98224594,1023,2048,2048,2049
16.002467602,1023,2048,2048,2049
16.023915592,1023,2048,2048,2049
16.046231053,1023,2048,2048,2049
16.066429219,1023,2048,2048,2049
16.089666501,1023,2048,2048,2049
16.107231644000002,1023,2048,2048,2049
16.127277522,1023,2048,2048,2049
16.144671337000002,1023,2048,2048,2049
16.165417306000002,1023,2048,2048,2049
16.181814651,1023,2048,2048,2049
16.210746884000002,1023,2048,2048,2049
16.231342176000002,1023,2048,2048,2049
16.244973335,1023,2048,2048,2049
16.265084195,1023,2048,2048,2049
16.286246892,1023,2048,2048,2049
16.307948666,1023,2048,2048,2049
16.330378241000002,1023,2048,2048,2049
16.352152807,1023,2048,2048,2049
16.373489607,1023,2048,2048,2049
16.395184158,1023,2048,2048,2049
16.416573741,1023,2048,2048,2049
16.438174864,1023,2048,2048,2049
16.460317655,1023,2048,2048,2049
16.482591429,1023,2048,2048,2049
16.50522779,1023,2048,2048,2049
16.527337934000002,1023,2048,2048,2049
16.540449171000002,1023,2048,2048,2049
16.563354118,1023,2048,2048,2049
16.575439104,1023,2048,2048,2049
16.597262594,1023,2048,2048,2049
16.619656683000002,1023,2048,2048,2049
16.641891987,1023,2048,2048,2049
16.663298055000002,1023,2048,2048,2049
16.684543694000002,1023,2048,2048,2049
16.707905832,1023,2048,2048,2049
16.73046566,1023,2048,2048,2049
16.752460479,1023,2048,2048,2049
16.775249683000002,1023,2048,2048,2049
16.797768230000003,1023,2048,2048,2049
16.810358745000002,1023,2048,2048,2049
16.832907538,1023,2048,2048,2049
16.855685372,1023,2048,2048,2049
16.868178107000002,1023,2048,2048,2049
16.889969681,1023,2048,2048,2049
16.911910438,1023,2048,2048,2049
16.934865031,1023,2048,2048,2049
16.956736340000003,1023,2048,2048,2049
16.9698497,1023,2048,2048,2049
16.992262536000002,1023,2048,2048,2049
17.014829302000003,1023,2048,2048,2049
17.035392095000002,1023,2048,2048,2049
17.056413854000002,1023,2048,2048,2049
17.080594038,1023,2048,2048,2049
17.119603480000002,1023,2048,2048,2049
17.133204783,1023,2048,2048,2049
17.145243582000003,1023,2048,2048,2049
17.158327541000002,1023,2048,2048,2049
17.177981354,1023,2048,2048,2049
17.189377688,1023,2048,2048,2049
17.200607303,1023,2048,2048,2049
17.220858888000002,1023,2048,2048,2049
17.241903516,1023,2048,2048,2049
17.275660239,1023,2048,2048,2049
17.296644159,1023,2048,2048,2049
17.319862533000002,1023,2048,2048,2049
17.350642889,1023,2048,2048,2049
17.363091617000002,1023,2048,2048,2049
17.391624397,1023,2048,2048,2049
17.410503038,1023,2048,2048,2049
17.430747963,1023,2048,2048,2049
17.45228389,1023,2048,2048,2049
17.472879731000003,1023,2048,2048,2049
17.49370017,1023,2048,2048,2049
17.505344166,1023,2048,2048,2049
17.526189955,1023,2048,2048,2049
17.546572147000003,1023,2048,2048,2049
17.568316760000002,1023,2048,2048,2049
17.589208293000002,1023,2048,2048,2049
17.60990429,1023,2048,2048,2049
17.631250522000002,1023,2048,2048,2049
17.652297061000002,1023,2048,2048,2049
17.663884142,1023,2048,2048,2049
17.676312503000002,1023,2048,2048,2049
17.705923746,1023,2048,2048,2049
17.728306501000002,1023,2048,2048,2049
17.751098282,1023,2048,2048,2049
17.773602012,1023,2048,2048,2049
17.803714062,1023,2048,2048,2049
17.824709989000002,1023,2048,2048,2049
17.837662477000002,1023,2048,2048,2049
17.850599952,1023,2048,2048,2049
17.885895374,1023,2048,2048,2049
17.916468396000003,1023,2048,2048,2049
17.938525999,1023,2048,2048,2049
17.959327341,1023,2048,2048,2049
17.98169132,1023,2048,2048,2049
18.012374989,1023,2048,2048,2049
18.036645497000002,1023,2048,2048,2049
18.063055323,1023,2048,2048,2049
18.081953364,1023,2048,2048,2049
18.106284231,1023,2048,2048,2049
18.120952021,1023,2048,2048,2049
18.142896146000002,1023,2048,2048,2049
18.156516239000002,1023,2048,2048,2049
18.183691508000003,1023,2048,2048,2049
18.196431789000002,1023,2048,2048,2049
18.219364422,1023,2048,2048,2049
18.242411779,1023,2048,2048,2049
18.254515073,1023,2048,2048,2049
18.275752133,1023,2048,2048,2049
18.296893058000002,1023,2048,2048,2049
18.319498457,1023,2048,2048,2049
18.339447821,1023,2048,2048,2049
18.359786109,1023,2048,2048,2049
18.38039458,1023,2048,2048,2049
18.401088666,1023,2048,2048,2049
18.421473222,1023,2048,2048,2049
18.442465905000002,1023,2048,2048,2049
18.462852407,1023,2048,2048,2049
18.483910009000002,1023,2048,2048,2049
18.49577945,1023,2048,2048,2049
18.516539972,1023,2048,2048,2049
18.538023061,1023,2048,2048,2049
18.559087983,1023,2048,2048,2049
18.579789245,1023,2048,2048,2049
18.60093659,1023,2048,2048,2049
18.622294225,1023,2048,2048,2049
18.633824517,1023,2048,2048,2049
18.645964593000002,1023,2048,2048,2049
18.657771994,1023,2048,2048,2049
18.679353062,1023,2048,2048,2049
18.710000189000002,1023,2048,2048,2049
18.727773931,1023,2048,2048,2049
18.748308100000003,1023,2048,2048,2049
18.767987915000003,1023,2048,2048,2049
18.787725569000003,1023,2048,2048,2049
18.800151896000003,1023,2048,2048,2049
18.836842249,1023,2048,2048,2049
18.857366846,1023,2048,2048,2049
18.877580409,1023,2048,2048,2049
18.891709176000003,1023,2048,2048,2049
18.917200013000002,1023,2048,2048,2049
18.938974587,1023,2048,2048,2049
18.950238808,1023,2048,2048,2049
18.961581981000002,1023,2048,2048,2049
18.981329846,1023,2048,2048,2049
19.000622879,1023,2048,2048,2049
19.021692979,1023,2048,2048,2049
19.042331157,1023,2048,2048,2049
19.063325888,1023,2048,2048,2049
19.083928816,1023,2048,2048,2049
19.095655657000002,1023,2048,2048,2049
19.117297849,1023,2048,2048,2049
19.138306321,1023,2048,2048,2049
19.163506266000002,1023,2048,2048,2049
19.185029437,1023,2048,2048,2049
19.206995215000003,1023,2048,2048,2049
19.21904719,1023,2048,2048,2049
19.239911574,1023,2048,2048,2049
19.260768408,1023,2048,2048,2049
19.281682274,1023,2048,2048,2049
19.302388289,1023,2048,2048,2049
19.322645709,1023,2048,2048,2049
19.343027972,1023,2048,2048,2049
19.363552887,1023,2048,2048,2049
19.384067908000002,1023,2048,2048,2049
19.40546507,1023,2048,2048,2049
19.427336846000003,1023,2048,2048,2049
19.439641473000002,1023,2048,2048,2049
19.461387300000002,1023,2048,2048,2049
19.483046637,1023,2048,2048,2049
19.504959473,1023,2048,2048,2049
19.527003938,1023,2048,2048,2049
19.549184483,1023,2048,2048,2049
19.571051275000002,1023,2048,2048,2049
19.593572913000003,1023,2048,2048,2049
19.616764944,1023,2048,2048,2049
19.647259386,1023,2048,2048,2049
19.66901916,1023,2048,2048,2049
19.681863917,1023,2048,2048,2049
19.69462429,1023,2048,2048,2049
19.726482653,1023,2048,2048,2049
19.747578631,1023,2048,2048,2049
19.768890433000003,1023,2048,2048,2049
19.788985020000002,1023,2048,2048,2049
19.800918451,1023,2048,2048,2049
19.822985179,1023,2048,2048,2049
19.842845265,1023,2048,2048,2049
19.862767815,1023,2048,2048,2049
19.883385046,1023,2048,2048,2049
19.903834509000003,1023,2048,2048,2049
19.924414574,1023,2048,2048,2049
19.936701834,1023,2048,2048,2049
19.959219451000003,1023,2048,2048,2049
19.981105544000002,1023,2048,2048,2049
19.99274226,1023,2048,2048,2049
20.014452926,1023,2048,2048,2049
20.036023196000002,1023,2048,2048,2049
20.057112275,1023,2048,2048,2049
20.078491646,1023,2048,2048,2049
20.099947707000002,1023,2048,2048,2049
20.122282959,1023,2048,2048,2049
20.144967711,1023,2048,2048,2049
20.167582213000003,1023,2048,2048,2049
20.189244272,1023,2048,2048,2049
20.210010755000003,1023,2048,2048,2049
20.231008069,1023,2048,2048,2049
20.252168005,1023,2048,2048,2049
20.265265461000002,1023,2048,2048,2049
20.286770691,1023,2048,2048,2049
20.309361428000003,1023,2048,2048,2049
20.321732496000003,1023,2048,2048,2049
20.338692393000002,1023,2048,2048,2049
20.370307942,1023,2048,2048,2049
20.386079787,1023,2048,2048,2049
20.412435900000002,1023,2048,2048,2049
20.434030351,1023,2048,2048,2049
20.455198802,1023,2048,2048,2049
20.476394114,1023,2048,2048,2049
20.498053673,1023,2048,2048,2049
20.519740306000003,1023,2048,2048,2049
20.542168862,1023,2048,2048,2049
20.564008593,1023,2048,2048,2049
20.586254347,1023,2048,2048,2049
20.609577215,1023,2048,2048,2049
20.632509486,1023,2048,2048,2049
20.659016320000003,1023,2048,2048,2049
20.680942696000002,1023,2048,2048,2049
20.702250474,1023,2048,2048,2049
20.724036549,1023,2048,2048,2049
20.745665823000003,1023,2048,2048,2049
20.767058719,1023,2048,2048,2049
20.779569356,1023,2048,2048,2049
20.803439849,1023,2048,2048,2049
20.820463671000002,1023,2048,2048,2049
20.842332086000003,1023,2048,2048,2049
20.855116648000003,1023,2048,2048,2049
20.877102840000003,1023,2048,2048,2049
20.90599402,1023,2048,2048,2049
20.940017952,1023,2048,2048,2049
20.966609601000002,1023,2048,2048,2049
20.97965551,1023,2048,2048,2049
20.994833959,1023,2048,2048,2049
21.026338847,1023,2048,2048,2049
21.051292219,1023,2048,2048,2049
21.073981670000002,1023,2048,2048,2049
21.096238066,1023,2048,2048,2049
21.119039346,1023,2048,2048,2049
21.141902645000002,1023,2048,2048,2049
21.16460142,1023,2048,2048,2049
21.186734929,1023,2048,2048,2049
21.209758672000003,1023,2048,2048,2049
21.23252975,1023,2048,2048,2049
21.246729169,1023,2048,2048,2049
21.267781874,1023,2048,2048,2049
21.307845328000003,1023,2048,2048,2049
21.347715573000002,1023,2048,2048,2049
21.378998017,1023,2048,2048,2049
21.409548842000003,1023,2048,2048,2049
21.434386087,1023,2048,2048,2049
21.458998294,1023,2048,2048,2049
21.483497426,1023,2048,2048,2049
21.50590789,1023,2048,2048,2049
21.528593163,1023,2048,2048,2049
21.554889912,1023,2048,2048,2049
21.588633712,1023,2048,2048,2049
21.621518578,1023,2048,2048,2049
21.641180448,1023,2048,2048,2049
21.664215265000003,1023,2048,2048,2049
21.682290687000002,1023,2048,2048,2049
21.705539398000003,1023,2048,2048,2049
21.72739947,1023,2048,2048,2049
21.750178756,1023,2048,2048,2049
21.762437848,1023,2048,2048,2049
21.798959747,1023,2048,2048,2049
21.826269316,1023,2048,2048,2049
21.848332722000002,1023,2048,2048,2049
21.860857452,1023,2048,2048,2049
21.893692614000003,1023,2048,2048,2049
21.914654715,1023,2048,2048,2049
21.927829849000002,1023,2048,2048,2049
21.94150451,1023,2048,2048,2049
21.963489583,1023,2048,2048,2049
21.983290211,1023,2048,2048,2049
21.995237391,1023,2048,2048,2049
22.006961286000003,1023,2048,2048,2049
22.029344208,1023,2048,2048,2049
22.041639117000003,1023,2048,2048,2049
22.061747403000002,1023,2048,2048,2049
22.086433482,1023,2048,2048,2049
22.117295852,1023,2048,2048,2049
22.130795096,1023,2048,2048,2049
22.161484393000002,1023,2048,2048,2049
22.191034468,1023,2048,2048,2049
22.211576920000002,1023,2048,2048,2049
22.234011947000003,1023,2048,2048,2049
22.255778573,1023,2048,2048,2049
22.276841825,1023,2048,2048,2049
22.298093624,1023,2048,2048,2049
22.309892492000003,1023,2048,2048,2049
22.334755083,1023,2048,2048,2049
22.360466823000003,1023,2048,2048,2049
22.394789918,1023,2048,2048,2049
22.435614444000002,1023,2048,2048,2049
22.456467932000002,1023,2048,2048,2049
22.476568054,1023,2048,2048,2049
22.497203701,1023,2048,2048,2049
22.518166274000002,1023,2048,2048,2049
22.541079814,1023,2048,2048,2049
22.559682287,1023,2048,2048,2049
22.599026972,1023,2048,2048,2049
22.611242044,1023,2048,2048,2049
22.632560548,1023,2048,2048,2049
22.655342819,1023,2048,2048,2049
22.678487638,1023,2048,2048,2049
22.700335892000002,1023,2048,2048,2049
22.722410569,1023,2048,2048,2049
22.734628063000002,1023,2048,2048,2049
22.757233374000002,1023,2048,2048,2049
22.779045746,1023,2048,2048,2049
22.801672488,1023,2048,2048,2049
22.823443875000002,1023,2048,2048,2049
22.846524932,1023,2048,2048,2049
22.859365272,1023,2048,2048,2049
22.882794001,1023,2048,2048,2049
22.895732456,1023,2048,2048,2049
22.917637590000002,1023,2048,2048,2049
22.92970609,1023,2048,2048,2049
22.951387019000002,1023,2048,2048,2049
22.975970574,1023,2048,2048,2049
22.990151908,1023,2048,2048,2049
23.015455755,1023,2048,2048,2049
23.028666765,1023,2048,2048,2049
23.044277045,1023,2048,2048,2049
23.060740632,1023,2048,2048,2049
23.075889371000002,1023,2048,2048,2049
23.104259358,1023,2048,2048,2049
23.134767427,1023,2048,2048,2049
23.169147485,1023,2048,2048,2049
23.181744167,1023,2048,2048,2049
23.204998672000002,1023,2048,2048,2049
23.219375864,1023,2048,2048,2049
23.242886522000003,1023,2048,2048,2049
23.258364368000002,1023,2048,2048,2049
23.279024711,1023,2048,2048,2049
23.2999821,1023,2048,2048,2049
23.321257463000002,1023,2048,2048,2049
23.34052553,1023,2048,2048,2049
23.362448483,1023,2048,2048,2049
23.385030371000003,1023,2048,2048,2049
23.408381091000003,1023,2048,2048,2049
23.430906384,1023,2048,2048,2049
23.452534153000002,1023,2048,2048,2049
23.472805898,1023,2048,2048,2049
23.493454343,1023,2048,2048,2049
23.505741215,1023,2048,2048,2049
23.539414809,1023,2048,2048,2049
23.568687557,1023,2048,2048,2049
23.600460302000002,1023,2048,2048,2049
23.618120467,1023,2048,2048,2049
23.640983090000002,1023,2048,2048,2049
23.653364487,1023,2048,2048,2049
23.665725311000003,1023,2048,2048,2049
23.688333009,1023,2048,2048,2049
23.710797639000003,1023,2048,2048,2049
23.734975522000003,1023,2048,2048,2049
23.760285693,1023,2048,2048,2049
23.779402727,1023,2048,2048,2049
23.791811493,1023,2048,2048,2049
23.81514079,1023,2048,2048,2049
23.836485046,1023,2048,2048,2049
23.859240737,1023,2048,2048,2049
23.882212191,1023,2048,2048,2049
23.903896553000003,1023,2048,2048,2049
23.926286716,1023,2048,2048,2049
23.951149719,1023,2048,2048,2049
23.971870124000002,1023,2048,2048,2049
23.993487915000003,1023,2048,2048,2049
24.005405961,1023,2048,2048,2049
24.027085810000003,1023,2048,2048,2049
24.04886837,1023,2048,2048,2049
24.070029624,1023,2048,2048,2049
24.091688917000003,1023,2048,2048,2049
24.113391027000002,1023,2048,2048,2049
24.134863995,1023,2048,2048,2049
24.156138215000002,1023,2048,2048,2049
24.177344402000003,1023,2048,2048,2049
24.198977442,1023,2048,2048,2049
24.220195192000002,1023,2048,2048,2049
24.242590888000002,1023,2048,2048,2049
24.264619770000003,1023,2048,2048,2049
24.28731188,1023,2048,2048,2049
24.310256298000002,1023,2048,2048,2049
24.328115935000003,1023,2048,2048,2049
24.369314376000002,1023,2048,2048,2049
24.391692444,1023,2048,2048,2049
24.418463158,1023,2048,2048,2049
24.433610352000002,1023,2048,2048,2049
24.455831525,1023,2048,2048,2049
24.477637371,1023,2048,2048,2049
24.499960607000002,1023,2048,2048,2049
24.520870004000002,1023,2048,2048,2049
24.541872857,1023,2048,2048,2049
24.563289751000003,1023,2048,2048,2049
24.583965471000003,1023,2048,2048,2049
24.60396314,1023,2048,2048,2049
24.624181014,1023,2048,2048,2049
24.646060470000002,1023,2048,2048,2049
24.668439163000002,1023,2048,2048,2049
24.681299798,1023,2048,2048,2049
24.703861858,1023,2048,2048,2049
24.716569061,1023,2048,2048,2049
24.729238388000002,1023,2048,2048,2049
24.751290658000002,1023,2048,2048,2049
24.773015411000003,1023,2048,2048,2049
24.797183861,1023,2048,2048,2049
24.810141888,1023,2048,2048,2049
24.82619287,1023,2048,2048,2049
24.855376720000002,1023,2048,2048,2049
24.868482719000003,1023,2048,2048,2049
24.893927509,1023,2048,2048,2049
24.9261081,1023,2048,2048,2049
24.959388212,1023,2048,2048,2049
24.98156677,1023,2048,2048,2049
24.993120367000003,1023,2048,2048,2049
25.015726184000002,1023,2048,2048,2049
25.049308415000002,1023,2048,2048,2049
25.075274081,1023,2048,2048,2049
25.117469688,1023,2048,2048,2049
25.139249084000003,1023,2048,2048,2049
25.152497294000003,1023,2048,2048,2049
25.176091963,1023,2048,2048,2049
25.198440181000002,1023,2048,2048,2049
25.220545604,1023,2048,2048,2049
25.241300394000003,1023,2048,2048,2049
25.262064462,1023,2048,2048,2049
25.283784472,1023,2048,2048,2049
25.305303146,1023,2048,2048,2049
25.326721031,1023,2048,2048,2049
25.338713775000002,1023,2048,2048,2049
25.360069046000003,1023,2048,2048,2049
25.372361712,1023,2048,2048,2049
25.386660238,1023,2048,2048,2049
25.415106164,1023,2048,2048,2049
25.436174194000003,1023,2048,2048,2049
25.457409754,1023,2048,2048,2049
25.478930717,1023,2048,2048,2049
25.499784335,1023,2048,2048,2049
25.520540014,1023,2048,2048,2049
25.532729666,1023,2048,2048,2049
25.573094046,1023,2048,2048,2049
25.595837383000003,1023,2048,2048,2049
25.608721721000002,1023,2048,2048,2049
25.632368147,1023,2048,2048,2049
25.645240171,1023,2048,2048,2049
25.667855796,1023,2048,2048,2049
25.690205697000003,1023,2048,2048,2049
25.712267907,1023,2048,2048,2049
25.734943585,1023,2048,2048,2049
25.757537681000002,1023,2048,2048,2049
25.781452864000002,1023,2048,2048,2049
25.805205150000003,1023,2048,2048,2049
25.817981771000003,1023,2048,2048,2049
25.841372819,1023,2048,2048,2049
25.863458881000003,1023,2048,2048,2049
25.885288226,1023,2048,2048,2049
25.907739872,1023,2048,2048,2049
25.929204267000003,1023,2048,2048,2049
25.951221698,1023,2048,2048,2049
25.973169662,1023,2048,2048,2049
25.994023415,1023,2048,2048,2049
26.015574970000003,1023,2048,2048,2049
26.037813408,1023,2048,2048,2049
26.054023660000002,1023,2048,2048,2049
26.0755456,1023,2048,2048,2049
26.09061552,1023,2048,2048,2049
26.127548066000003,1023,2048,2048,2049
26.148919405,1023,2048,2048,2049
26.161258805000003,1023,2048,2048,2049
26.184098494,1023,2048,2048,2049
26.224369986000003,1023,2048,2048,2049
26.243175126,1023,2048,2048,2049
26.265263622000003,1023,2048,2048,2049
26.286515166,1023,2048,2048,2049
26.309508273000002,1023,2048,2048,2049
26.334750215000003,1023,2048,2048,2049
26.357914088,1023,2048,2048,2049
26.379441743,1023,2048,2048,2049
26.401350092,1023,2048,2048,2049
26.413254161,1023,2048,2048,2049
26.435557997,1023,2048,2048,2049
26.457833863,1023,2048,2048,2049
26.480702517,1023,2048,2048,2049
26.51136108,1023,2048,2048,2049
26.533972679,1023,2048,2048,2049
26.555934974000003,1023,2048,2048,2049
26.577029749,1023,2048,2048,2049
26.598954504,1023,2048,2048,2049
26.620729461000003,1023,2048,2048,2049
26.642523485,1023,2048,2048,2049
26.664817038000002,1023,2048,2048,2049
26.686146335,1023,2048,2048,2049
26.707479836,1023,2048,2048,2049
26.719040928000002,1023,2048,2048,2049
26.740894638,1023,2048,2048,2049
26.754193222,1023,2048,2048,2049
26.776820637,1023,2048,2048,2049
26.798562648,1023,2048,2048,2049
26.810788142000003,1023,2048,2048,2049
26.831301678000003,1023,2048,2048,2049
26.852337005000003,1023,2048,2048,2049
26.875989489000002,1023,2048,2048,2049
26.888876446,1023,2048,2048,2049
26.910126247,1023,2048,2048,2049
26.930969214,1023,2048,2048,2049
26.952030406000002,1023,2048,2048,2049
26.972901890000003,1023,2048,2048,2049
26.993503056,1023,2048,2048,2049
27.014632659,1023,2048,2048,2049
27.035124445,1023,2048,2048,2049
27.056452927000002,1023,2048,2048,2049
27.078276091000003,1023,2048,2048,2049
27.100008395000003,1023,2048,2048,2049
27.121751999,1023,2048,2048,2049
27.133865856000003,1023,2048,2048,2049
27.15655745,1023,2048,2048,2049
27.178312561000002,1023,2048,2048,2049
27.199740764,1023,2048,2048,2049
27.222162620000002,1023,2048,2048,2049
27.243393334,1023,2048,2048,2049
27.265107932000003,1023,2048,2048,2049
27.286390308,1023,2048,2048,2049
27.30897019,1023,2048,2048,2049
27.330963065000002,1023,2048,2048,2049
27.347096582000002,1023,2048,2048,2049
27.371276362000003,1023,2048,2048,2049
27.393727831000003,1023,2048,2048,2049
27.406035582,1023,2048,2048,2049
27.427748684,1023,2048,2048,2049
27.439567052,1023,2048,2048,2049
27.45163446,1023,2048,2048,2049
27.473422427000003,1023,2048,2048,2049
27.495888449000002,1023,2048,2048,2049
27.510359508,1023,2048,2048,2049
27.532193890000002,1023,2048,2048,2049
27.554623444,1023,2048,2048,2049
27.581659561000002,1023,2048,2048,2049
27.603516489,1023,2048,2048,2049
27.615603433,1023,2048,2048,2049
27.637065275,1023,2048,2048,2049
27.658637009000003,1023,2048,2048,2049
27.681285539,1023,2048,2048,2049
27.704175973,1023,2048,2048,2049
27.726388271,1023,2048,2048,2049
27.749192937,1023,2048,2048,2049
27.771729675000003,1023,2048,2048,2049
27.797568049000002,1023,2048,2048,2049
27.828973823000002,1023,2048,2048,2049
27.850529425,1023,2048,2048,2049
27.872221513000003,1023,2048,2048,2049
27.894057837000002,1023,2048,2048,2049
27.916159613,1023,2048,2048,2049
27.93780075,1023,2048,2048,2049
27.964271997,1023,2048,2048,2049
27.982148585,1023,2048,2048,2049
28.021278527000003,1023,2048,2048,2049
28.044939688000003,1023,2048,2048,2049
28.069249601000003,1023,2048,2048,2049
28.096166776,1023,2048,2048,2049
28.125889503000003,1023,2048,2048,2049
28.148145160000002,1023,2048,2048,2049
28.160647115000003,1023,2048,2048,2049
28.174388547000003,1023,2048,2048,2049
28.196830906000002,1023,2048,2048,2049
28.219401354000002,1023,2048,2048,2049
28.241776303,1023,2048,2048,2049
28.264242972,1023,2048,2048,2049
28.286539524000002,1023,2048,2048,2049
28.308664271,1023,2048,2048,2049
28.330916412,1023,2048,2048,2049
28.352908589000002,1023,2048,2048,2049
28.375302057000003,1023,2048,2048,2049
28.397676370000003,1023,2048,2048,2049
28.410043783000003,1023,2048,2048,2049
28.431766744,1023,2048,2048,2049
28.453427525000002,1023,2048,2048,2049
28.475322220000002,1023,2048,2048,2049
28.498047475000003,1023,2048,2048,2049
28.520628104,1023,2048,2048,2049
28.552231774000003,1023,2048,2048,2049
28.57507117,1023,2048,2048,2049
28.597341058,1023,2048,2048,2049
28.618904835000002,1023,2048,2048,2049
28.640352651,1023,2048,2048,2049
28.66181591,1023,2048,2048,2049
28.683118966000002,1023,2048,2048,2049
28.704346452000003,1023,2048,2048,2049
28.726058570000003,1023,2048,2048,2049
28.750511804000002,1023,2048,2048,2049
28.763795958000003,1023,2048,2048,2049
28.805014097,1023,2048,2048,2049
28.829867123000003,1023,2048,2048,2049
28.848489936000004,1023,2048,2048,2049
28.879669252000003,1023,2048,2048,2049
28.907511244000002,1023,2048,2048,2049
28.929643096000003,1023,2048,2048,2049
28.951613687000002,1023,2048,2048,2049
28.973865128000003,1023,2048,2048,2049
28.995938991000003,1023,2048,2048,2049
29.01810491,1023,2048,2048,2049
29.041033454,1023,2048,2048,2049
29.063607710000003,1023,2048,2048,2049
29.076383341000003,1023,2048,2048,2049
29.090263234000002,1023,2048,2048,2049
29.119549492,1023,2048,2048,2049
29.142688916,1023,2048,2048,2049
29.164958238,1023,2048,2048,2049
29.177015763000004,1023,2048,2048,2049
29.197538531000003,1023,2048,2048,2049
29.218439073000003,1023,2048,2048,2049
29.239277231000003,1023,2048,2048,2049
29.260920354000003,1023,2048,2048,2049
29.282041461000002,1023,2048,2048,2049
29.302357328000003,1023,2048,2048,2049
29.323280987,1023,2048,2048,2049
29.344498780000002,1023,2048,2048,2049
29.365752802000003,1023,2048,2048,2049
29.386847475000003,1023,2048,2048,2049
29.408027312,1023,2048,2048,2049
29.430435335000002,1023,2048,2048,2049
29.444214901000002,1023,2048,2048,2049
29.474611950000003,1023,2048,2048,2049
29.495545895000003,1023,2048,2048,2049
29.516732329000003,1023,2048,2048,2049
29.538151260000003,1023,2048,2048,2049
29.559403407,1023,2048,2048,2049
29.571480435,1023,2048,2048,2049
29.596605757000003,1023,2048,2048,2049
29.618258477,1023,2048,2048,2049
29.640730405000003,1023,2048,2048,2049
29.665549746000003,1023,2048,2048,2049
29.687810801,1023,2048,2048,2049
29.709733291000003,1023,2048,2048,2049
29.731679595000003,1023,2048,2048,2049
29.753522985000004,1023,2048,2048,2049
29.776099767,1023,2048,2048,2049
29.797550997000002,1023,2048,2048,2049
29.830057210000003,1023,2048,2048,2049
29.843300817000003,1023,2048,2048,2049
29.867646748000002,1023,2048,2048,2049
29.889234033,1023,2048,2048,2049
29.911299137,1023,2048,2048,2049
29.934024975000003,1023,2048,2048,2049
29.956046769,1023,2048,2048,2049
29.978138903,1023,2048,2048,2049
29.999667235,1023,2048,2048,2049
30.020924659000002,1023,2048,2048,2049
30.042646923000003,1023,2048,2048,2049
30.065037532,1023,2048,2048,2049
30.077629001000002,1023,2048,2048,2049
30.102168136000003,1023,2048,2048,2049
30.125776625,1023,2048,2048,2049
30.148853511000002,1023,2048,2048,2049
30.171726087000003,1023,2048,2048,2049
30.18575544,1023,2048,2048,2049
30.200215939000003,1023,2048,2048,2049
30.233150432000002,1023,2048,2048,2049
30.258457286000002,1023,2048,2048,2049
30.280937246,1023,2048,2048,2049
30.302933805000002,1023,2048,2048,2049
30.325591584,1023,2048,2048,2049
30.338428645,1023,2048,2048,2049
30.356985378,1023,2048,2048,2049
30.391101145,1023,2048,2048,2049
30.404880094000003,1023,2048,2048,2049
30.429829966000003,1023,2048,2048,2049
30.459971988000003,1023,2048,2048,2049
30.472953208000003,1023,2048,2048,2049
30.498069997,1023,2048,2048,2049
30.519678183000003,1023,2048,2048,2049
30.542285402,1023,2048,2048,2049
30.564898671,1023,2048,2048,2049
30.587366598000003,1023,2048,2048,2049
30.609408227000003,1023,2048,2048,2049
30.631421399,1023,2048,2048,2049
30.652601060000002,1023,2048,2048,2049
30.675259911,1023,2048,2048,2049
30.696766245000003,1023,2048,2048,2049
30.718325092,1023,2048,2048,2049
30.740164448,1023,2048,2048,2049
30.761953555,1023,2048,2048,2049
30.794194191000003,1023,2048,2048,2049
30.813448954000002,1023,2048,2048,2049
30.835795066000003,1023,2048,2048,2049
30.860999503000002,1023,2048,2048,2049
30.873792736000002,1023,2048,2048,2049
30.887509951000002,1023,2048,2048,2049
30.901841998000002,1023,2048,2048,2049
30.925902325000003,1023,2048,2048,2049
30.942185199,1023,2048,2048,2049
30.968470939000003,1023,2048,2048,2049
30.990716663,1023,2048,2048,2049
31.013354165000003,1023,2048,2048,2049
31.036057775000003,1023,2048,2048,2049
31.058682571000002,1023,2048,2048,2049
31.082486473000003,1023,2048,2048,2049
31.095673756000004,1023,2048,2048,2049
31.119563306000003,1023,2048,2048,2049
31.142901509,1023,2048,2048,2049
31.166376014,1023,2048,2048,2049
31.189877313,1023,2048,2048,2049
31.213076586000003,1023,2048,2048,2049
31.236580842000002,1023,2048,2048,2049
31.259487597000003,1023,2048,2048,2049
31.282498916,1023,2048,2048,2049
31.306104108000003,1023,2048,2048,2049
31.329962003000002,1023,2048,2048,2049
31.353690853000003,1023,2048,2048,2049
31.376448194,1023,2048,2048,2049
31.399566794000002,1023,2048,2048,2049
31.422535796000002,1023,2048,2048,2049
31.447387476000003,1023,2048,2048,2049
31.471086269,1023,2048,2048,2049
31.493966238000002,1023,2048,2048,2049
31.519436004000003,1023,2048,2048,2049
31.531856948,1023,2048,2048,2049
31.557059218000003,1023,2048,2048,2049
31.576260693000002,1023,2048,2048,2049
31.589434281000003,1023,2048,2048,2049
31.61307628,1023,2048,2048,2049
31.647466986,1023,2048,2048,2049
31.681270871000002,1023,2048,2048,2049
31.700122510000003,1023,2048,2048,2049
31.722426097000003,1023,2048,2048,2049
31.746709918,1023,2048,2048,2049
31.776733378000003,1023,2048,2048,2049
31.799387365,1023,2048,2048,2049
31.833463409000004,1023,2048,2048,2049
31.845700535000002,1023,2048,2048,2049
31.870339138000002,1023,2048,2048,2049
31.895442585,1023,2048,2048,2049
31.92657617,1023,2048,2048,2049
31.949171855000003,1023,2048,2048,2049
31.971744582000003,1023,2048,2048,2049
31.984777946,1023,2048,2048,2049
32.007689876,1023,2048,2048,2049
32.032431013,1023,2048,2048,2049
32.049453757,1023,2048,2048,2049
32.073971397,1023,2048,2048,2049
32.098729828,1023,2048,2048,2049
32.111928799000005,1023,2048,2048,2049
32.148951537,1023,2048,2048,2049
32.162709993,1023,2048,2048,2049
32.179929134000005,1023,2048,2048,2049
32.196021130000005,1023,2048,2048,2049
32.208540401,1023,2048,2048,2049
32.233281410000004,1023,2048,2048,2049
32.25460934,1023,2048,2048,2049
32.276367882,1023,2048,2048,2049
32.298249952,1023,2048,2048,2049
32.320126353,1023,2048,2048,2049
32.342654572,1023,2048,2048,2049
32.366789646,1023,2048,2048,2049
32.379226588,1023,2048,2048,2049
32.401709747000005,1023,2048,2048,2049
32.423814884,1023,2048,2048,2049
32.446283402,1023,2048,2048,2049
32.468656623,1023,2048,2048,2049
32.491295242,1023,2048,2048,2049
32.513879561,1023,2048,2048,2049
32.536230549,1023,2048,2048,2049
32.548826616,1023,2048,2048,2049
32.571810084,1023,2048,2048,2049
32.594216809,1023,2048,2048,2049
32.617723822,1023,2048,2048,2049
32.630391801,1023,2048,2048,2049
32.65351699,1023,2048,2048,2049
32.66779479,1023,2048,2048,2049
32.686526015000005,1023,2048,2048,2049
32.709236914,1023,2048,2048,2049
32.721518127,1023,2048,2048,2049
32.743845727,1023,2048,2048,2049
32.76595797,1023,2048,2048,2049
32.789085749,1023,2048,2048,2049
32.812817863,1023,2048,2048,2049
32.835219675000005,1023,2048,2048,2049
32.857094256,1023,2048,2048,2049
32.869965398000005,1023,2048,2048,2049
32.888262512000004,1023,2048,2048,2049
32.930207059000004,1023,2048,2048,2049
32.950431307,1023,2048,2048,2049
32.983207397,1023,2048,2048,2049
33.009258702000004,1023,2048,2048,2049
33.021768192,1023,2048,2048,2049
33.044106194,1023,2048,2048,2049
33.068236171,1023,2048,2048,2049
33.089520336,1023,2048,2048,2049
33.110802198,1023,2048,2048,2049
33.143802201,1023,2048,2048,2049
33.157699126000004,1023,2048,2048,2049
33.195563491,1023,2048,2048,2049
33.216634471,1023,2048,2048,2049
33.238185332,1023,2048,2048,2049
33.259685901000005,1023,2048,2048,2049
33.280747221,1023,2048,2048,2049
33.301660319,1023,2048,2048,2049
33.323335017000005,1023,2048,2048,2049
33.344541949,1023,2048,2048,2049
33.366192672000004,1023,2048,2048,2049
33.387600912,1023,2048,2048,2049
33.409351174,1023,2048,2048,2049
33.431082383,1023,2048,2048,2049
33.452800193,1023,2048,2048,2049
33.474259237000005,1023,2048,2048,2049
33.495229188,1023,2048,2048,2049
33.516793241,1023,2048,2048,2049
33.53845966,1023,2048,2048,2049
33.560805016,1023,2048,2048,2049
33.582493164,1023,2048,2048,2049
33.604272873,1023,2048,2048,2049
33.625190426,1023,2048,2048,2049
33.646144195000005,1023,2048,2048,2049
33.667468812,1023,2048,2048,2049
33.679736622,1023,2048,2048,2049
33.701032835,1023,2048,2048,2049
33.730280547,1023,2048,2048,2049
33.743851233,1023,2048,2048,2049
33.75864862,1023,2048,2048,2049
33.78122981,1023,2048,2048,2049
33.802469756,1023,2048,2048,2049
33.817005475,1023,2048,2048,2049
33.85667642,1023,2048,2048,2049
33.869934505,1023,2048,2048,2049
33.901172886000005,1023,2048,2048,2049
33.930449303,1023,2048,2048,2049
33.957008139,1023,2048,2048,2049
33.984106048,1023,2048,2048,2049
34.008092325,1023,2048,2048,2049
34.033317524000005,1023,2048,2048,2049
34.046627315,1023,2048,2048,2049
34.068270303000006,1023,2048,2048,2049
34.089721191,1023,2048,2048,2049
34.122301094,1023,2048,2048,2049
34.155010554,1023,2048,2048,2049
34.176243905,1023,2048,2048,2049
34.198130233,1023,2048,2048,2049
34.211008383,1023,2048,2048,2049
34.243096735,1023,2048,2048,2049
34.259266979,1023,2048,2048,2049
34.28079075,1023,2048,2048,2049
34.301798707,1023,2048,2048,2049
34.323182362000004,1023,2048,2048,2049
34.344254203000006,1023,2048,2048,2049
34.35573738,1023,2048,2048,2049
34.377027711000004,1023,2048,2048,2049
34.388812596,1023,2048,2048,2049
34.410526644,1023,2048,2048,2049
34.431324919000005,1023,2048,2048,2049
34.452130378,1023,2048,2048,2049
34.473147744,1023,2048,2048,2049
34.494517446,1023,2048,2048,2049
34.518422049,1023,2048,2048,2049
34.541023100000004,1023,2048,2048,2049
34.562677889,1023,2048,2048,2049
34.584100659,1023,2048,2048,2049
34.605447398,1023,2048,2048,2049
34.626927571,1023,2048,2048,2049
34.648476468000005,1023,2048,2048,2049
34.661138900000005,1023,2048,2048,2049
34.684412198000004,1023,2048,2048,2049
34.706988493000004,1023,2048,2048,2049
34.728514616000005,1023,2048,2048,2049
34.751345774,1023,2048,2048,2049
34.776109073,1023,2048,2048,2049
34.797910456000004,1023,2048,2048,2049
34.819270445,1023,2048,2048,2049
34.831622297,1023,2048,2048,2049
34.852836275,1023,2048,2048,2049
34.874699607000004,1023,2048,2048,2049
34.898463363000005,1023,2048,2048,2049
34.920409226000004,1023,2048,2048,2049
34.931892199,1023,2048,2048,2049
34.953014993000004,1023,2048,2048,2049
34.974194722,1023,2048,2048,2049
34.986884882000005,1023,2048,2048,2049
35.000601858,1023,2048,2048,2049
35.031383083,1023,2048,2048,2049
35.053074129,1023,2048,2048,2049
35.074597202,1023,2048,2048,2049
35.097042228,1023,2048,2048,2049
35.121650471,1023,2048,2048,2049
35.154277026,1023,2048,2048,2049
35.172008381000005,1023,2048,2048,2049
35.195823881,1023,2048,2048,2049
35.218382678000005,1023,2048,2048,2049
35.248520243,1023,2048,2048,2049
35.264309953,1023,2048,2048,2049
35.286773764,1023,2048,2048,2049
35.3093961,1023,2048,2048,2049
35.331890159000004,1023,2048,2048,2049
35.354795533,1023,2048,2048,2049
35.377756786,1023,2048,2048,2049
35.390494281,1023,2048,2048,2049
35.413344324,1023,2048,2048,2049
35.435767583,1023,2048,2048,2049
35.448322007,1023,2048,2048,2049
35.470297947,1023,2048,2048,2049
35.49371884,1023,2048,2048,2049
35.507645108000006,1023,2048,2048,2049
35.521941394,1023,2048,2048,2049
35.549530252000004,1023,2048,2048,2049
35.563447422,1023,2048,2048,2049
35.603405123,1023,2048,2048,2049
35.637743964,1023,2048,2048,2049
35.651680706,1023,2048,2048,2049
35.677759209,1023,2048,2048,2049
35.704672413000004,1023,2048,2048,2049
35.730627491,1023,2048,2048,2049
35.752359952,1023,2048,2048,2049
35.764500908,1023,2048,2048,2049
35.78602664,1023,2048,2048,2049
35.807435113000004,1023,2048,2048,2049
35.828531348000006,1023,2048,2048,2049
35.850011177,1023,2048,2048,2049
35.871626722,1023,2048,2048,2049
35.893826375,1023,2048,2048,2049
35.915569414000004,1023,2048,2048,2049
35.936030306,1023,2048,2048,2049
35.958019988000004,1023,2048,2048,2049
35.981138631,1023,2048,2048,2049
36.002500701,1023,2048,2048,2049
36.025156288000005,1023,2048,2048,2049
36.047302054,1023,2048,2048,2049
36.060774416,1023,2048,2048,2049
36.083637292,1023,2048,2048,2049
36.105798825,1023,2048,2048,2049
36.128306182,1023,2048,2048,2049
36.150554826000004,1023,2048,2048,2049
36.172592269,1023,2048,2048,2049
36.195991133,1023,2048,2048,2049
36.218972662,1023,2048,2048,2049
36.242210542,1023,2048,2048,2049
36.26561976,1023,2048,2048,2049
36.288483276,1023,2048,2048,2049
36.301396472,1023,2048,2048,2049
36.323630866,1023,2048,2048,2049
36.349259612000004,1023,2048,2048,2049
36.372042606,1023,2048,2048,2049
36.39478287,1023,2048,2048,2049
36.417415016,1023,2048,2048,2049
36.440431732,1023,2048,2048,2049
36.463209098,1023,2048,2048,2049
36.477369302,1023,2048,2048,2049
36.50560077,1023,2048,2048,2049
36.518519738,1023,2048,2048,2049
36.549201785,1023,2048,2048,2049
36.571459708,1023,2048,2048,2049
36.594171251,1023,2048,2048,2049
36.616997589,1023,2048,2048,2049
36.63968707,1023,2048,2048,2049
36.662160108,1023,2048,2048,2049
36.684965014,1023,2048,2048,2049
36.697569264,1023,2048,2048,2049
36.720022082,1023,2048,2048,2049
36.743036001,1023,2048,2048,2049
36.766056505,1023,2048,2048,2049
36.788946695,1023,2048,2048,2049
36.811360885,1023,2048,2048,2049
36.82532346,1023,2048,2048,2049
36.850216199,1023,2048,2048,2049
36.865148964,1023,2048,2048,2049
36.877126209000004,1023,2048,2048,2049
36.899175038,1023,2048,2048,2049
36.919988981,1023,2048,2048,2049
36.933646654,1023,2048,2048,2049
36.962958728000004,1023,2048,2048,2049
36.983064723000005,1023,2048,2048,2049
36.994405818000004,1023,2048,2048,2049
37.015244643,1023,2048,2048,2049
37.029137608,1023,2048,2048,2049
37.053149196,1023,2048,2048,2049
37.066014361,1023,2048,2048,2049
37.092544799,1023,2048,2048,2049
37.109386341000004,1023,2048,2048,2049
37.121283137,1023,2048,2048,2049
37.142832434,1023,2048,2048,2049
37.163968595,1023,2048,2048,2049
37.18502152,1023,2048,2048,2049
37.206490135,1023,2048,2048,2049
37.218048151000005,1023,2048,2048,2049
37.239911259,1023,2048,2048,2049
37.261774707,1023,2048,2048,2049
37.283593972000006,1023,2048,2048,2049
37.305055855,1023,2048,2048,2049
37.326195905000006,1023,2048,2048,2049
37.349498802,1023,2048,2048,2049
37.372249943,1023,2048,2048,2049
37.394120837,1023,2048,2048,2049
37.415785181000004,1023,2048,2048,2049
37.438112362000005,1023,2048,2048,2049
37.461197027000004,1023,2048,2048,2049
37.473830565,1023,2048,2048,2049
37.496494145,1023,2048,2048,2049
37.519580019,1023,2048,2048,2049
37.542696062000005,1023,2048,2048,2049
37.554819498,1023,2048,2048,2049
37.576914176,1023,2048,2048,2049
37.589055166,1023,2048,2048,2049
37.611224552,1023,2048,2048,2049
37.634989331,1023,2048,2048,2049
37.657500921,1023,2048,2048,2049
37.680564876000005,1023,2048,2048,2049
37.703559782,1023,2048,2048,2049
37.726146955000004,1023,2048,2048,2049
37.748402743,1023,2048,2048,2049
37.769339354,1023,2048,2048,2049
37.79159507,1023,2048,2048,2049
37.813612834000004,1023,2048,2048,2049
37.835861442,1023,2048,2048,2049
37.858293806,1023,2048,2048,2049
37.870482210000006,1023,2048,2048,2049
37.892622397000004,1023,2048,2048,2049
37.914629266000006,1023,2048,2048,2049
37.936143238,1023,2048,2048,2049
37.957684827,1023,2048,2048,2049
37.978621309000005,1023,2048,2048,2049
38.000215141000005,1023,2048,2048,2049
38.021737087000005,1023,2048,2048,2049
38.043752465000004,1023,2048,2048,2049
38.065682809,1023,2048,2048,2049
38.087576692,1023,2048,2048,2049
38.109621406,1023,2048,2048,2049
38.132043126,1023,2048,2048,2049
38.154463996000004,1023,2048,2048,2049
38.177431545000005,1023,2048,2048,2049
38.203873166,1023,2048,2048,2049
38.226894513000005,1023,2048,2048,2049
38.249459443,1023,2048,2048,2049
38.272530693,1023,2048,2048,2049
38.296398649000004,1023,2048,2048,2049
38.319159428,1023,2048,2048,2049
38.343411898,1023,2048,2048,2049
38.371639623,1023,2048,2048,2049
38.407141758,1023,2048,2048,2049
38.434248870000005,1023,2048,2048,2049
38.469540476000006,1023,2048,2048,2049
38.482187916,1023,2048,2048,2049
38.504310495000006,1023,2048,2048,2049
38.526672269,1023,2048,2048,2049
38.561829030000006,1023,2048,2048,2049
38.585021579,1023,2048,2048,2049
38.613109451,1023,2048,2048,2049
38.636030028,1023,2048,2048,2049
38.658840202,1023,2048,2048,2049
38.68573648,1023,2048,2048,2049
38.698806502000004,1023,2048,2048,2049
38.712759956,1023,2048,2048,2049
38.739344506,1023,2048,2048,2049
38.76110242,1023,2048,2048,2049
38.774217650000004,1023,2048,2048,2049
38.796915468,1023,2048,2048,2049
38.819446618,1023,2048,2048,2049
38.841430668,1023,2048,2048,2049
38.863536710000005,1023,2048,2048,2049
38.88576494,1023,2048,2048,2049
38.907730301,1023,2048,2048,2049
38.929663177,1023,2048,2048,2049
38.951771819,1023,2048,2048,2049
38.973914423000004,1023,2048,2048,2049
38.996320933,1023,2048,2048,2049
39.018422092,1023,2048,2048,2049
39.040307685,1023,2048,2048,2049
39.052345565,1023,2048,2048,2049
39.074404257000005,1023,2048,2048,2049
39.096476992,1023,2048,2048,2049
39.118557306,1023,2048,2048,2049
39.140915316000005,1023,2048,2048,2049
39.163353379,1023,2048,2048,2049
39.181322505000004,1023,2048,2048,2049
39.214302018000005,1023,2048,2048,2049
39.247199508,1023,2048,2048,2049
39.261297775,1023,2048,2048,2049
39.284216184,1023,2048,2048,2049
39.296451207000004,1023,2048,2048,2049
39.309499509000005,1023,2048,2048,2049
39.348269281,1023,2048,2048,2049
39.37183726,1023,2048,2048,2049
39.395055774,1023,2048,2048,2049
39.418091825000005,1023,2048,2048,2049
39.441386694,1023,2048,2048,2049
39.473239537000005,1023,2048,2048,2049
39.49635987,1023,2048,2048,2049
39.5190147,1023,2048,2048,2049
39.541719115,1023,2048,2048,2049
39.554755731,1023,2048,2048,2049
39.577778973,1023,2048,2048,2049
39.601054538,1023,2048,2048,2049
39.614499603000006,1023,2048,2048,2049
39.637223232000004,1023,2048,2048,2049
39.652574438,1023,2048,2048,2049
39.677181104000006,1023,2048,2048,2049
39.699657767000005,1023,2048,2048,2049
39.722543548000004,1023,2048,2048,2049
39.745870896,1023,2048,2048,2049
39.767718422,1023,2048,2048,2049
39.789573902,1023,2048,2048,2049
39.812209831000004,1023,2048,2048,2049
39.834334908,1023,2048,2048,2049
39.856259991,1023,2048,2048,2049
39.879265135000004,1023,2048,2048,2049
39.900342423000005,1023,2048,2048,2049
39.920846171,1023,2048,2048,2049
39.9419692,1023,2048,2048,2049
39.963373757,1023,2048,2048,2049
39.984606686,1023,2048,2048,2049
40.006189304,1023,2048,2048,2049
40.028382145,1023,2048,2048,2049
40.050799968,1023,2048,2048,2049
40.073964241000006,1023,2048,2048,2049
40.096700167,1023,2048,2048,2049
40.119710084000005,1023,2048,2048,2049
40.14223513,1023,2048,2048,2049
40.165435823,1023,2048,2048,2049
40.188446533000004,1023,2048,2048,2049
40.209310630000004,1023,2048,2048,2049
40.232055424,1023,2048,2048,2049
40.255245342,1023,2048,2048,2049
40.285373974,1023,2048,2048,2049
40.309914298,1023,2048,2048,2049
40.323715987,1023,2048,2048,2049
40.347963570000005,1023,2048,2048,2049
40.364225267,1023,2048,2048,2049
40.398206591000005,1023,2048,2048,2049
40.421402434,1023,2048,2048,2049
40.444761168,1023,2048,2048,2049
40.466689458000005,1023,2048,2048,2049
40.482180247,1023,2048,2048,2049
40.494859984,1023,2048,2048,2049
40.519219168,1023,2048,2048,2049
40.535341241000005,1023,2048,2048,2049
40.556973593,1023,2048,2048,2049
40.572692488,1023,2048,2048,2049
40.584502794,1023,2048,2048,2049
40.613385636000004,1023,2048,2048,2049
40.625034801000005,1023,2048,2048,2049
40.656182562000005,1023,2048,2048,2049
40.680041503000005,1023,2048,2048,2049
40.693107858000005,1023,2048,2048,2049
40.716292873,1023,2048,2048,2049
40.738686084,1023,2048,2048,2049
40.759765718000004,1023,2048,2048,2049
40.781450447000005,1023,2048,2048,2049
40.803467159,1023,2048,2048,2049
40.825374522000004,1023,2048,2048,2049
40.84723343,1023,2048,2048,2049
40.858844843,1023,2048,2048,2049
40.880050455,1023,2048,2048,2049
40.901349258,1023,2048,2048,2049
40.922238415,1023,2048,2048,2049
40.942792386,1023,2048,2048,2049
40.963742694000004,1023,2048,2048,2049
40.985085243,1023,2048,2048,2049
41.006432000000004,1023,2048,2048,2049
41.019458798,1023,2048,2048,2049
41.038617182,1023,2048,2048,2049
41.060043408000006,1023,2048,2048,2049
41.082786580000004,1023,2048,2048,2049
41.106265301,1023,2048,2048,2049
41.127754676,1023,2048,2048,2049
41.149582756,1023,2048,2048,2049
41.171568087000004,1023,2048,2048,2049
41.19331828,1023,2048,2048,2049
41.215675003,1023,2048,2048,2049
41.237301724000005,1023,2048,2048,2049
41.259410045,1023,2048,2048,2049
41.280790489000005,1023,2048,2048,2049
41.293387318,1023,2048,2048,2049
41.318470942000005,1023,2048,2048,2049
41.331278079,1023,2048,2048,2049
41.353531265,1023,2048,2048,2049
41.375580994,1023,2048,2048,2049
41.396783059,1023,2048,2048,2049
41.418500219,1023,2048,2048,2049
41.44085605,1023,2048,2048,2049
41.462529375,1023,2048,2048,2049
41.484577058,1023,2048,2048,2049
41.50591509,1023,2048,2048,2049
41.52743137,1023,2048,2048,2049
41.54906545,1023,2048,2048,2049
41.570425209,1023,2048,2048,2049
41.591781838,1023,2048,2048,2049
41.613414962,1023,2048,2048,2049
41.635117524,1023,2048,2048,2049
41.65621556,1023,2048,2048,2049
41.66802195,1023,2048,2048,2049
41.68008392,1023,2048,2048,2049
41.693245407,1023,2048,2048,2049
41.716814894,1023,2048,2048,2049
41.740403396000005,1023,2048,2048,2049
41.763666493,1023,2048,2048,2049
41.786737523,1023,2048,2048,2049
41.809444931,1023,2048,2048,2049
41.843651617000006,1023,2048,2048,2049
41.873025286,1023,2048,2048,2049
41.907234063000004,1023,2048,2048,2049
41.938435623000004,1023,2048,2048,2049
41.952139485000004,1023,2048,2048,2049
41.978210180000005,1023,2048,2048,2049
42.001589030000005,1023,2048,2048,2049
42.024671312,1023,2048,2048,2049
42.050423688,1023,2048,2048,2049
42.073540245000004,1023,2048,2048,2049
42.096867742,1023,2048,2048,2049
42.125318278,1023,2048,2048,2049
42.143138796,1023,2048,2048,2049
42.170269629,1023,2048,2048,2049
42.188219734,1023,2048,2048,2049
42.202226611,1023,2048,2048,2049
42.217883413,1023,2048,2048,2049
42.237317915000006,1023,2048,2048,2049
42.262515368,1023,2048,2048,2049
42.286320710000005,1023,2048,2048,2049
42.320624303,1023,2048,2048,2049
42.342860478000006,1023,2048,2048,2049
42.357571875000005,1023,2048,2048,2049
42.379817947,1023,2048,2048,2049
42.402355609000004,1023,2048,2048,2049
42.424800123000004,1023,2048,2048,2049
42.446014323,1023,2048,2048,2049
42.467714544,1023,2048,2048,2049
42.489718207,1023,2048,2048,2049
42.511655261,1023,2048,2048,2049
42.533559054,1023,2048,2048,2049
42.555449204000006,1023,2048,2048,2049
42.577400836,1023,2048,2048,2049
42.598123254,1023,2048,2048,2049
42.618772993,1023,2048,2048,2049
42.639307639,1023,2048,2048,2049
42.661312565,1023,2048,2048,2049
42.684324218,1023,2048,2048,2049
42.70680234,1023,2048,2048,2049
42.729299995000005,1023,2048,2048,2049
42.751430658000004,1023,2048,2048,2049
42.775520536,1023,2048,2048,2049
42.792527827,1023,2048,2048,2049
42.832809936000004,1023,2048,2048,2049
42.861261179,1023,2048,2048,2049
42.899695542,1023,2048,2048,2049
42.929451803,1023,2048,2048,2049
42.943524818,1023,2048,2048,2049
42.966435646,1023,2048,2048,2049
42.988689914000005,1023,2048,2048,2049
43.011178525000005,1023,2048,2048,2049
43.033936401000005,1023,2048,2048,2049
43.046893879,1023,2048,2048,2049
43.070606867,1023,2048,2048,2049
43.096152247,1023,2048,2048,2049
43.120416467000005,1023,2048,2048,2049
43.145226204000004,1023,2048,2048,2049
43.168106795,1023,2048,2048,2049
43.191334588000004,1023,2048,2048,2049
43.214536619,1023,2048,2048,2049
43.230177517,1023,2048,2048,2049
43.242879364000004,1023,2048,2048,2049
43.265240644,1023,2048,2048,2049
43.287734767,1023,2048,2048,2049
43.311460143000005,1023,2048,2048,2049
43.334643042,1023,2048,2048,2049
43.357971692,1023,2048,2048,2049
43.371257411,1023,2048,2048,2049
43.394562955000005,1023,2048,2048,2049
43.417400429000004,1023,2048,2048,2049
43.442033220000006,1023,2048,2048,2049
43.465716086,1023,2048,2048,2049
43.480028184000005,1023,2048,2048,2049
43.498945389,1023,2048,2048,2049
43.512774358,1023,2048,2048,2049
43.538430049000006,1023,2048,2048,2049
43.551157062,1023,2048,2048,2049
43.571456589,1023,2048,2048,2049
43.593484863,1023,2048,2048,2049
43.614222538,1023,2048,2048,2049
43.639499336,1023,2048,2048,2049
43.660657734000004,1023,2048,2048,2049
43.687968346000005,1023,2048,2048,2049
43.709485381,1023,2048,2048,2049
43.730479738,1023,2048,2048,2049
43.752706815,1023,2048,2048,2049
43.773878415000006,1023,2048,2048,2049
43.796318366,1023,2048,2048,2049
43.818905468000004,1023,2048,2048,2049
43.841810266,1023,2048,2048,2049
43.864998138000004,1023,2048,2048,2049
43.888574451000004,1023,2048,2048,2049
43.912399407,1023,2048,2048,2049
43.941063217,1023,2048,2048,2049
43.953882050000004,1023,2048,2048,2049
43.976213908000005,1023,2048,2048,2049
43.98879882,1023,2048,2048,2049
44.001042262000006,1023,2048,2048,2049
44.024958013,1023,2048,2048,2049
44.053175518,1023,2048,2048,2049
44.075622614000004,1023,2048,2048,2049
44.114113772,1023,2048,2048,2049
44.145466044,1023,2048,2048,2049
44.16753441,1023,2048,2048,2049
44.199972155000005,1023,2048,2048,2049
44.220230866,1023,2048,2048,2049
44.241117179,1023,2048,2048,2049
44.262602708,1023,2048,2048,2049
44.284063327000005,1023,2048,2048,2049
44.296385387,1023,2048,2048,2049
44.317351577000004,1023,2048,2048,2049
44.338256535,1023,2048,2048,2049
44.351081971,1023,2048,2048,2049
44.368491166000005,1023,2048,2048,2049
44.384478953000006,1023,2048,2048,2049
44.401647283,1023,2048,2048,2049
44.431293705,1023,2048,2048,2049
44.465589234,1023,2048,2048,2049
44.488585877000006,1023,2048,2048,2049
44.502111161,1023,2048,2048,2049
44.5243753,1023,2048,2048,2049
44.547021361000006,1023,2048,2048,2049
44.569209794,1023,2048,2048,2049
44.591809729000005,1023,2048,2048,2049
44.614646075,1023,2048,2048,2049
44.641903755,1023,2048,2048,2049
44.665838226000005,1023,2048,2048,2049
44.684830780000006,1023,2048,2048,2049
44.718048904,1023,2048,2048,2049
44.755459146,1023,2048,2048,2049
44.787497550000005,1023,2048,2048,2049
44.808151401,1023,2048,2048,2049
44.833416534,1023,2048,2048,2049
44.858794025,1023,2048,2048,2049
44.876670707,1023,2048,2048,2049
44.892416165,1023,2048,2048,2049
44.912994367,1023,2048,2048,2049
44.935567920000004,1023,2048,2048,2049
44.974875591,1023,2048,2048,2049
44.997476992,1023,2048,2048,2049
45.019504779,1023,2048,2048,2049
45.04210519,1023,2048,2048,2049
45.064345633,1023,2048,2048,2049
45.08931734,1023,2048,2048,2049
45.112764461000005,1023,2048,2048,2049
45.136198787000005,1023,2048,2048,2049
45.160085342,1023,2048,2048,2049
45.182896731,1023,2048,2048,2049
45.205811043000004,1023,2048,2048,2049
45.229651519,1023,2048,2048,2049
45.253171562000006,1023,2048,2048,2049
45.277986339,1023,2048,2048,2049
45.300919407,1023,2048,2048,2049
45.324263506,1023,2048,2048,2049
45.347036854,1023,2048,2048,2049
45.360149684,1023,2048,2048,2049
45.383218353000004,1023,2048,2048,2049
45.395802983,1023,2048,2048,2049
45.417025345000006,1023,2048,2048,2049
45.438298104000005,1023,2048,2048,2049
45.450049983,1023,2048,2048,2049
45.471541008,1023,2048,2048,2049
45.493366986000005,1023,2048,2048,2049
45.514985586,1023,2048,2048,2049
45.536400402000005,1023,2048,2048,2049
45.558017075,1023,2048,2048,2049
45.579430408,1023,2048,2048,2049
45.599782113,1023,2048,2048,2049
45.620364003000006,1023,2048,2048,2049
45.642338016000004,1023,2048,2048,2049
45.664417043,1023,2048,2048,2049
45.686786594000004,1023,2048,2048,2049
45.711695683,1023,2048,2048,2049
45.727231082,1023,2048,2048,2049
45.750328403000005,1023,2048,2048,2049
45.772156056,1023,2048,2048,2049
45.785287644,1023,2048,2048,2049
45.822618501,1023,2048,2048,2049
45.834482192,1023,2048,2048,2049
45.857567689,1023,2048,2048,2049
45.879575971,1023,2048,2048,2049
45.900879679000006,1023,2048,2048,2049
45.922609932,1023,2048,2048,2049
45.93537691,1023,2048,2048,2049
45.958926985000005,1023,2048,2048,2049
45.98224196,1023,2048,2048,2049
46.001332964,1023,2048,2048,2049
46.023494328000005,1023,2048,2048,2049
46.046264095000005,1023,2048,2048,2049
46.068337658000004,1023,2048,2048,2049
46.090320269,1023,2048,2048,2049
46.112267393,1023,2048,2048,2049
46.134301074,1023,2048,2048,2049
46.1562484,1023,2048,2048,2049
46.178509588000004,1023,2048,2048,2049
46.201035287,1023,2048,2048,2049
46.224169887,1023,2048,2048,2049
46.246895987,1023,2048,2048,2049
46.268994582000005,1023,2048,2048,2049
46.290863231,1023,2048,2048,2049
46.312837477,1023,2048,2048,2049
46.33514737,1023,2048,2048,2049
46.357501816,1023,2048,2048,2049
46.369414058000004,1023,2048,2048,2049
46.392087481000004,1023,2048,2048,2049
46.413946071000005,1023,2048,2048,2049
46.435689074,1023,2048,2048,2049
46.457785748000006,1023,2048,2048,2049
46.480934345,1023,2048,2048,2049
46.503023004000006,1023,2048,2048,2049
46.518255195,1023,2048,2048,2049
46.534374279000005,1023,2048,2048,2049
46.546550958000005,1023,2048,2048,2049
46.567604358000004,1023,2048,2048,2049
46.589167103,1023,2048,2048,2049
46.602110469,1023,2048,2048,2049
46.633488194,1023,2048,2048,2049
46.671779824000005,1023,2048,2048,2049
46.695548515000006,1023,2048,2048,2049
46.716694963,1023,2048,2048,2049
46.728534802000006,1023,2048,2048,2049
46.749705928000004,1023,2048,2048,2049
46.771480645000004,1023,2048,2048,2049
46.79993034,1023,2048,2048,2049
46.813029205,1023,2048,2048,2049
46.837622126,1023,2048,2048,2049
46.858209124000005,1023,2048,2048,2049
46.880555209,1023,2048,2048,2049
46.906344726,1023,2048,2048,2049
46.919408474,1023,2048,2048,2049
46.933473225,1023,2048,2048,2049
46.956478658,1023,2048,2048,2049
46.978804559000004,1023,2048,2048,2049
47.001032644000006,1023,2048,2048,2049
47.023602134,1023,2048,2048,2049
47.045661092,1023,2048,2048,2049
47.068318053000006,1023,2048,2048,2049
47.090984693,1023,2048,2048,2049
47.113784526,1023,2048,2048,2049
47.135950167000004,1023,2048,2048,2049
47.157968264000004,1023,2048,2048,2049
47.180423605,1023,2048,2048,2049
47.20164277,1023,2048,2048,2049
47.222907482000004,1023,2048,2048,2049
47.244633490000005,1023,2048,2048,2049
47.266476594000004,1023,2048,2048,2049
47.288394494,1023,2048,2048,2049
47.310339777,1023,2048,2048,2049
47.332773305,1023,2048,2048,2049
47.353824103,1023,2048,2048,2049
47.366225771,1023,2048,2048,2049
47.398871087,1023,2048,2048,2049
47.421616058000005,1023,2048,2048,2049
47.445007444000005,1023,2048,2048,2049
47.468790186,1023,2048,2048,2049
47.492075794,1023,2048,2048,2049
47.515636639,1023,2048,2048,2049
47.530318915,1023,2048,2048,2049
47.555827659,1023,2048,2048,2049
47.579420141,1023,2048,2048,2049
47.592734882,1023,2048,2048,2049
47.616343508,1023,2048,2048,2049
47.639411737,1023,2048,2048,2049
47.663569530000004,1023,2048,2048,2049
47.692023848000005,1023,2048,2048,2049
47.721728793000004,1023,2048,2048,2049
47.744908548000005,1023,2048,2048,2049
47.768659037000006,1023,2048,2048,2049
47.791787438,1023,2048,2048,2049
47.815618195000006,1023,2048,2048,2049
47.838249802,1023,2048,2048,2049
47.860837555,1023,2048,2048,2049
47.883662834000006,1023,2048,2048,2049
47.905783429,1023,2048,2048,2049
47.919928124,1023,2048,2048,2049
47.935682338,1023,2048,2048,2049
47.960037946,1023,2048,2048,2049
47.978021686000005,1023,2048,2048,2049
48.001294207,1023,2048,2048,2049
48.030883135,1023,2048,2048,2049
48.056769067000005,1023,2048,2048,2049
48.084258876,1023,2048,2048,2049
48.107142613,1023,2048,2048,2049
48.127951665000005,1023,2048,2048,2049
48.147454154,1023,2048,2048,2049
48.176022818,1023,2048,2048,2049
48.197436736,1023,2048,2048,2049
48.218553733,1023,2048,2048,2049
48.240322074000005,1023,2048,2048,2049
48.263262102000006,1023,2048,2048,2049
48.285333558000005,1023,2048,2048,2049
48.307710761,1023,2048,2048,2049
48.330010067,1023,2048,2048,2049
48.35286021,1023,2048,2048,2049
48.375953895,1023,2048,2048,2049
48.388864956000006,1023,2048,2048,2049
48.412367594,1023,2048,2048,2049
48.436300225000004,1023,2048,2048,2049
48.452405215000006,1023,2048,2048,2049
48.465372925000004,1023,2048,2048,2049
48.491471042,1023,2048,2048,2049
48.514142615000004,1023,2048,2048,2049
48.537773284000004,1023,2048,2048,2049
48.560888000000006,1023,2048,2048,2049
48.592715127000005,1023,2048,2048,2049
48.614573478000004,1023,2048,2048,2049
48.636298285,1023,2048,2048,2049
48.658053244,1023,2048,2048,2049
48.679730240000005,1023,2048,2048,2049
48.701831235,1023,2048,2048,2049
48.717943441,1023,2048,2048,2049
48.746172448,1023,2048,2048,2049
48.770503641000005,1023,2048,2048,2049
48.793417022,1023,2048,2048,2049
48.806347384000006,1023,2048,2048,2049
48.828242217,1023,2048,2048,2049
48.849919316000005,1023,2048,2048,2049
48.871990291,1023,2048,2048,2049
48.894785059,1023,2048,2048,2049
48.917034418,1023,2048,2048,2049
48.939267136000005,1023,2048,2048,2049
48.961936390000005,1023,2048,2048,2049
48.98445349,1023,2048,2048,2049
49.007048939,1023,2048,2048,2049
49.030440466,1023,2048,2048,2049
49.053403499000005,1023,2048,2048,2049
49.076076156000006,1023,2048,2048,2049
49.088840854000004,1023,2048,2048,2049
49.111992679000004,1023,2048,2048,2049
49.14056656,1023,2048,2048,2049
49.164008845000005,1023,2048,2048,2049
49.187238410000006,1023,2048,2048,2049
49.210722564,1023,2048,2048,2049
49.23468682,1023,2048,2048,2049
49.258610906,1023,2048,2048,2049
49.271657458,1023,2048,2048,2049
49.294837689000005,1023,2048,2048,2049
49.316526629,1023,2048,2048,2049
49.337291349000004,1023,2048,2048,2049
49.359435899000005,1023,2048,2048,2049
49.381003887000006,1023,2048,2048,2049
49.403186838,1023,2048,2048,2049
49.424531730000005,1023,2048,2048,2049
49.446058605000005,1023,2048,2048,2049
49.469823805000004,1023,2048,2048,2049
49.493347326000006,1023,2048,2048,2049
49.521982336,1023,2048,2048,2049
49.544068156,1023,2048,2048,2049
49.556573901,1023,2048,2048,2049
49.594287249000004,1023,2048,2048,2049
49.608005474,1023,2048,2048,2049
49.622863002,1023,2048,2048,2049
49.649192116,1023,2048,2048,2049
49.670627262000004,1023,2048,2048,2049
49.692407349,1023,2048,2048,2049
49.713848667,1023,2048,2048,2049
49.735459766000005,1023,2048,2048,2049
49.747697188000004,1023,2048,2048,2049
49.759661130000005,1023,2048,2048,2049
49.781428908,1023,2048,2048,2049
49.802960558,1023,2048,2048,2049
49.824775227,1023,2048,2048,2049
49.848506351000005,1023,2048,2048,2049
49.867911689,1023,2048,2048,2049
49.881183201000006,1023,2048,2048,2049
49.894157240000006,1023,2048,2048,2049
49.915374796,1023,2048,2048,2049
49.9431658,1023,2048,2048,2049
49.964466310000006,1023,2048,2048,2049
49.976810184,1023,2048,2048,2049
50.004443253000005,1023,2048,2048,2049
50.017677817000006,1023,2048,2048,2049
50.053525517000004,1023,2048,2048,2049
50.075189328,1023,2048,2048,2049
50.097198590000005,1023,2048,2048,2049
50.108998037000006,1023,2048,2048,2049
50.130974141,1023,2048,2048,2049
50.154364673,1023,2048,2048,2049
50.178556068000006,1023,2048,2048,2049
50.200513320000006,1023,2048,2048,2049
50.22229564800001,1023,2048,2048,2049
50.246562809000004,1023,2048,2048,2049
50.279347813,1023,2048,2048,2049
50.300446863000005,1023,2048,2048,2049
50.322035973000006,1023,2048,2048,2049
50.343355530000004,1023,2048,2048,2049
50.364671259000005,1023,2048,2048,2049
50.375968393,1023,2048,2048,2049
50.397268098000005,1023,2048,2048,2049
50.409141116,1023,2048,2048,2049
50.430629711,1023,2048,2048,2049
50.442729269000004,1023,2048,2048,2049
50.46439016,1023,2048,2048,2049
50.485757768000006,1023,2048,2048,2049
50.507030575,1023,2048,2048,2049
50.528226281,1023,2048,2048,2049
50.549570737,1023,2048,2048,2049
50.570451909000006,1023,2048,2048,2049
50.591291070000004,1023,2048,2048,2049
50.613204398,1023,2048,2048,2049
50.634040181,1023,2048,2048,2049
50.654725638,1023,2048,2048,2049
50.675802941,1023,2048,2048,2049
50.707701820000004,1023,2048,2048,2049
50.733166239000006,1023,2048,2048,2049
50.753989869,1023,2048,2048,2049
50.774580185000005,1023,2048,2048,2049
50.795099352,1023,2048,2048,2049
50.807635118,1023,2048,2048,2049
50.843383907,1023,2048,2048,2049
50.859304978000004,1023,2048,2048,2049
50.881211343000004,1023,2048,2048,2049
50.902668499,1023,2048,2048,2049
50.917033788000005,1023,2048,2048,2049
50.937537943,1023,2048,2048,2049
50.957682204,1023,2048,2048,2049
50.978937418,1023,2048,2048,2049
50.992737440000006,1023,2048,2048,2049
51.022769431,1023,2048,2048,2049
51.047073078000004,1023,2048,2048,2049
51.069295501000006,1023,2048,2048,2049
51.091588564000006,1023,2048,2048,2049
51.113709958,1023,2048,2048,2049
51.136196932000004,1023,2048,2048,2049
51.158610385,1023,2048,2048,2049
51.181440629,1023,2048,2048,2049
51.194285302000004,1023,2048,2048,2049
51.20742125100001,1023,2048,2048,2049
51.236348991,1023,2048,2048,2049
51.251363017,1023,2048,2048,2049
51.274259141,1023,2048,2048,2049
51.296069038000006,1023,2048,2048,2049
51.318294274,1023,2048,2048,2049
51.340776477000006,1023,2048,2048,2049
51.363604285,1023,2048,2048,2049
51.386633507000006,1023,2048,2048,2049
51.409570134000006,1023,2048,2048,2049
51.432542567000006,1023,2048,2048,2049
51.455432819,1023,2048,2048,2049
51.468851909,1023,2048,2048,2049
51.492918782000004,1023,2048,2048,2049
51.520993000000004,1023,2048,2048,2049
51.544688,1023,2048,2048,2049
51.56900979700001,1023,2048,2048,2049
51.592700205,1023,2048,2048,2049
51.616506506,1023,2048,2048,2049
51.648796572,1023,2048,2048,2049
51.673352165000004,1023,2048,2048,2049
51.696963996,1023,2048,2048,2049
51.719879897000006,1023,2048,2048,2049
51.742559272,1023,2048,2048,2049
51.76507989500001,1023,2048,2048,2049
51.777826716,1023,2048,2048,2049
51.800549176000004,1023,2048,2048,2049
51.823300696000004,1023,2048,2048,2049
51.845958084,1023,2048,2048,2049
51.868180663000004,1023,2048,2048,2049
51.890417093,1023,2048,2048,2049
51.912764392,1023,2048,2048,2049
51.9354208,1023,2048,2048,2049
51.958217661000006,1023,2048,2048,2049
51.980326541000004,1023,2048,2048,2049
52.004299419000006,1023,2048,2048,2049
52.027683981,1023,2048,2048,2049
52.049267961000005,1023,2048,2048,2049
52.070888216,1023,2048,2048,2049
52.083516522000004,1023,2048,2048,2049
52.105399458,1023,2048,2048,2049
52.127437935,1023,2048,2048,2049
52.14940073,1023,2048,2048,2049
52.16333735600001,1023,2048,2048,2049
52.179290882000004,1023,2048,2048,2049
52.209873148,1023,2048,2048,2049
52.222258909000004,1023,2048,2048,2049
52.244572442000006,1023,2048,2048,2049
52.26617564,1023,2048,2048,2049
52.287478327,1023,2048,2048,2049
52.310032707000005,1023,2048,2048,2049
52.33168821100001,1023,2048,2048,2049
52.354800921000006,1023,2048,2048,2049
52.367360058,1023,2048,2048,2049
52.390486100000004,1023,2048,2048,2049
52.41444748,1023,2048,2048,2049
52.428572168,1023,2048,2048,2049
52.452650817000006,1023,2048,2048,2049
52.475739429,1023,2048,2048,2049
52.498285641,1023,2048,2048,2049
52.520907535000006,1023,2048,2048,2049
52.542461058,1023,2048,2048,2049
52.564778995000005,1023,2048,2048,2049
52.587350087000004,1023,2048,2048,2049
52.600081894000006,1023,2048,2048,2049
52.622371642000004,1023,2048,2048,2049
52.644583895000004,1023,2048,2048,2049
52.66680927,1023,2048,2048,2049
52.68829051,1023,2048,2048,2049
52.710415360000006,1023,2048,2048,2049
52.723683664000006,1023,2048,2048,2049
52.755831593,1023,2048,2048,2049
52.779052883000006,1023,2048,2048,2049
52.800494971000006,1023,2048,2048,2049
52.822159633000005,1023,2048,2048,2049
52.843727808000004,1023,2048,2048,2049
52.855873413000005,1023,2048,2048,2049
52.87732500800001,1023,2048,2048,2049
52.899177155000004,1023,2048,2048,2049
52.911183135,1023,2048,2048,2049
52.933175838000004,1023,2048,2048,2049
52.955361003,1023,2048,2048,2049
52.97852180500001,1023,2048,2048,2049
53.000888067000005,1023,2048,2048,2049
53.02404271,1023,2048,2048,2049
53.046571183000005,1023,2048,2048,2049
53.069457864,1023,2048,2048,2049
53.08567303,1023,2048,2048,2049
53.120208053000006,1023,2048,2048,2049
53.142426694,1023,2048,2048,2049
53.170278245000006,1023,2048,2048,2049
53.212042303000004,1023,2048,2048,2049
53.225472924,1023,2048,2048,2049
53.246954931000005,1023,2048,2048,2049
53.271083180000005,1023,2048,2048,2049
53.293896291,1023,2048,2048,2049
53.316858891,1023,2048,2048,2049
53.329696773,1023,2048,2048,2049
53.364532568,1023,2048,2048,2049
53.404391619,1023,2048,2048,2049
53.429350670000005,1023,2048,2048,2049
53.45228731500001,1023,2048,2048,2049
53.474910876,1023,2048,2048,2049
53.498191756000004,1023,2048,2048,2049
53.521576122000006,1023,2048,2048,2049
53.544804711000005,1023,2048,2048,2049
53.568267943,1023,2048,2048,2049
53.590984848000005,1023,2048,2048,2049
53.613312879000006,1023,2048,2048,2049
53.636094133,1023,2048,2048,2049
53.648622435,1023,2048,2048,2049
53.671003116,1023,2048,2048,2049
53.694589485,1023,2048,2048,2049
53.715084167,1023,2048,2048,2049
53.735853000000006,1023,2048,2048,2049
53.759100481000004,1023,2048,2048,2049
53.771548183,1023,2048,2048,2049
53.786209859,1023,2048,2048,2049
53.808497253000006,1023,2048,2048,2049
53.830617872000005,1023,2048,2048,2049
53.864993855,1023,2048,2048,2049
53.890572281000004,1023,2048,2048,2049
53.913567963000006,1023,2048,2048,2049
53.933310807000005,1023,2048,2048,2049
53.953146474,1023,2048,2048,2049
53.974481924,1023,2048,2048,2049
53.995566145000005,1023,2048,2048,2049
54.016527392,1023,2048,2048,2049
54.03787964,1023,2048,2048,2049
54.058885067000006,1023,2048,2048,2049
54.081014782000004,1023,2048,2048,2049
54.095050692,1023,2048,2048,2049
54.127608577000004,1023,2048,2048,2049
54.162191384,1023,2048,2048,2049
54.174361685,1023,2048,2048,2049
54.195588723,1023,2048,2048,2049
54.21775032,1023,2048,2048,2049
54.229029203,1023,2048,2048,2049
54.250140417000004,1023,2048,2048,2049
54.271554550000005,1023,2048,2048,2049
54.293050923,1023,2048,2048,2049
54.314436859000004,1023,2048,2048,2049
54.336569819000005,1023,2048,2048,2049
54.358099725,1023,2048,2048,2049
54.380177842,1023,2048,2048,2049
54.401507175000006,1023,2048,2048,2049
54.424262234000004,1023,2048,2048,2049
54.436179744,1023,2048,2048,2049
54.458514526,1023,2048,2048,2049
54.470609892000006,1023,2048,2048,2049
54.492503421,1023,2048,2048,2049
54.512982018,1023,2048,2048,2049
54.551266053000006,1023,2048,2048,2049
54.57340585,1023,2048,2048,2049
54.593406255000005,1023,2048,2048,2049
54.615365753000006,1023,2048,2048,2049
54.637421200000006,1023,2048,2048,2049
54.660548446,1023,2048,2048,2049
54.683205313,1023,2048,2048,2049
54.71701873000001,1023,2048,2048,2049
54.73386562100001,1023,2048,2048,2049
54.771301959000006,1023,2048,2048,2049
54.794260765000004,1023,2048,2048,2049
54.821778186,1023,2048,2048,2049
54.844045252,1023,2048,2048,2049
54.866809228,1023,2048,2048,2049
54.87940707200001,1023,2048,2048,2049
54.902809329,1023,2048,2048,2049
54.925955165000005,1023,2048,2048,2049
54.948545718000005,1023,2048,2048,2049
54.971033939,1023,2048,2048,2049
54.99411013300001,1023,2048,2048,2049
55.017661111,1023,2048,2048,2049
55.041318246,1023,2048,2048,2049
55.064082001,1023,2048,2048,2049
55.087505165,1023,2048,2048,2049
55.110270961000005,1023,2048,2048,2049
55.133073726000006,1023,2048,2048,2049
55.14631205800001,1023,2048,2048,2049
55.171403889000004,1023,2048,2048,2049
55.184559685,1023,2048,2048,2049
55.207854356000006,1023,2048,2048,2049
55.233423962,1023,2048,2048,2049
55.260555926,1023,2048,2048,2049
55.300513026000004,1023,2048,2048,2049
55.335840606000005,1023,2048,2048,2049
55.349628689000006,1023,2048,2048,2049
55.380381916000005,1023,2048,2048,2049
55.414222409000004,1023,2048,2048,2049
55.456811862,1023,2048,2048,2049
55.470027962,1023,2048,2048,2049
55.489782285000004,1023,2048,2048,2049
55.51385165400001,1023,2048,2048,2049
55.535269102,1023,2048,2048,2049
55.547717393000006,1023,2048,2048,2049
55.571093019,1023,2048,2048,2049
55.583623843000005,1023,2048,2048,2049
55.61036304100001,1023,2048,2048,2049
55.628583349,1023,2048,2048,2049
55.657356241,1023,2048,2048,2049
55.680193982000006,1023,2048,2048,2049
55.702841337,1023,2048,2048,2049
55.725860953,1023,2048,2048,2049
55.739566146,1023,2048,2048,2049
55.76608094,1023,2048,2048,2049
55.784829992000006,1023,2048,2048,2049
55.82108439,1023,2048,2048,2049
55.843903566,1023,2048,2048,2049
55.858381087000005,1023,2048,2048,2049
55.870052082,1023,2048,2048,2049
55.89016105100001,1023,2048,2048,2049
55.90975687700001,1023,2048,2048,2049
55.929893154000005,1023,2048,2048,2049
55.949937077,1023,2048,2048,2049
55.972069655000006,1023,2048,2048,2049
55.984307640000004,1023,2048,2048,2049
56.005129832,1023,2048,2048,2049
56.026712043,1023,2048,2048,2049
56.03839652400001,1023,2048,2048,2049
56.059615888,1023,2048,2048,2049
56.080899444,1023,2048,2048,2049
56.09279835700001,1023,2048,2048,2049
56.114641391000006,1023,2048,2048,2049
56.141455198,1023,2048,2048,2049
56.162810813,1023,2048,2048,2049
56.188425025,1023,2048,2048,2049
56.205613979000006,1023,2048,2048,2049
56.227193060000005,1023,2048,2048,2049
56.24957003,1023,2048,2048,2049
56.272589761000006,1023,2048,2048,2049
56.287111180000004,1023,2048,2048,2049
56.309111755,1023,2048,2048,2049
56.340531456,1023,2048,2048,2049
56.37371567300001,1023,2048,2048,2049
56.39897852,1023,2048,2048,2049
56.425344014000004,1023,2048,2048,2049
56.43868435,1023,2048,2048,2049
56.459176915,1023,2048,2048,2049
56.49802437,1023,2048,2048,2049
56.512417673,1023,2048,2048,2049
56.543537236000006,1023,2048,2048,2049
56.555689652000005,1023,2048,2048,2049
56.577316019,1023,2048,2048,2049
56.589283887,1023,2048,2048,2049
56.610445453000004,1023,2048,2048,2049
56.631987218000006,1023,2048,2048,2049
56.643194375,1023,2048,2048,2049
56.663281582,1023,2048,2048,2049
56.685288547000006,1023,2048,2048,2049
56.707627686,1023,2048,2048,2049
56.729916946,1023,2048,2048,2049
56.751824697,1023,2048,2048,2049
56.774885523,1023,2048,2048,2049
56.798029735,1023,2048,2048,2049
56.811479590000005,1023,2048,2048,2049
56.835188631,1023,2048,2048,2049
56.855609034000004,1023,2048,2048,2049
56.876566621,1023,2048,2048,2049
56.89798772,1023,2048,2048,2049
56.920384382,1023,2048,2048,2049
56.956329407000005,1023,2048,2048,2049
56.968040829,1023,2048,2048,2049
56.98927320000001,1023,2048,2048,2049
57.010565348,1023,2048,2048,2049
57.03266922500001,1023,2048,2048,2049
57.054516512000006,1023,2048,2048,2049
57.076508644,1023,2048,2048,2049
57.098953925,1023,2048,2048,2049
57.112042608,1023,2048,2048,2049
57.14235862500001,1023,2048,2048,2049
57.16444949900001,1023,2048,2048,2049
57.188276608,1023,2048,2048,2049
57.212323898,1023,2048,2048,2049
57.23502295,1023,2048,2048,2049
57.25752416300001,1023,2048,2048,2049
57.280274355,1023,2048,2048,2049
57.303109374,1023,2048,2048,2049
57.326352373000006,1023,2048,2048,2049
57.349285043,1023,2048,2048,2049
57.371515437000006,1023,2048,2048,2049
57.39386802400001,1023,2048,2048,2049
57.416087459,1023,2048,2048,2049
57.438424156,1023,2048,2048,2049
57.461146198,1023,2048,2048,2049
57.484675163000006,1023,2048,2048,2049
57.511233479000005,1023,2048,2048,2049
57.529189606,1023,2048,2048,2049
57.543983346000005,1023,2048,2048,2049
57.567849347000006,1023,2048,2048,2049
57.590612192,1023,2048,2048,2049
57.612939887,1023,2048,2048,2049
57.635598898000005,1023,2048,2048,2049
57.648739148000004,1023,2048,2048,2049
57.664450693000006,1023,2048,2048,2049
57.68779738800001,1023,2048,2048,2049
57.71092311,1023,2048,2048,2049
57.723985979000005,1023,2048,2048,2049
57.747113599,1023,2048,2048,2049
57.769810982,1023,2048,2048,2049
57.793030774,1023,2048,2048,2049
57.815374038,1023,2048,2048,2049
57.83890219800001,1023,2048,2048,2049
57.862045657,1023,2048,2048,2049
57.885712227000006,1023,2048,2048,2049
57.906691408,1023,2048,2048,2049
57.928328714,1023,2048,2048,2049
57.950727875000005,1023,2048,2048,2049
57.963432715,1023,2048,2048,2049
57.985689185000005,1023,2048,2048,2049
58.007868309,1023,2048,2048,2049
58.030002938,1023,2048,2048,2049
58.054737242,1023,2048,2048,2049
58.085608284,1023,2048,2048,2049
58.10816375700001,1023,2048,2048,2049
58.130221621000004,1023,2048,2048,2049
58.152738654000004,1023,2048,2048,2049
58.17629263800001,1023,2048,2048,2049
58.2023068,1023,2048,2048,2049
58.225098756,1023,2048,2048,2049
58.247809635,1023,2048,2048,2049
58.270400982000005,1023,2048,2048,2049
58.298549304000005,1023,2048,2048,2049
58.320668266000006,1023,2048,2048,2049
58.347535428,1023,2048,2048,2049
58.376757973000004,1023,2048,2048,2049
58.3951653,1023,2048,2048,2049
58.41796882800001,1023,2048,2048,2049
58.43996928000001,1023,2048,2048,2049
58.462314157,1023,2048,2048,2049
58.480349607,1023,2048,2048,2049
58.495475706,1023,2048,2048,2049
58.508532640000006,1023,2048,2048,2049
58.531364961,1023,2048,2048,2049
58.543887582,1023,2048,2048,2049
58.567028585,1023,2048,2048,2049
58.589798163000005,1023,2048,2048,2049
58.612758761,1023,2048,2048,2049
58.635797445,1023,2048,2048,2049
58.659402181000004,1023,2048,2048,2049
58.682249817000006,1023,2048,2048,2049
58.69731275,1023,2048,2048,2049
58.721375926,1023,2048,2048,2049
58.743674864000006,1023,2048,2048,2049
58.765978345,1023,2048,2048,2049
58.788965414,1023,2048,2048,2049
58.802364934,1023,2048,2048,2049
58.832050182,1023,2048,2048,2049
58.865296024,1023,2048,2048,2049
58.894640424,1023,2048,2048,2049
58.916478559000005,1023,2048,2048,2049
58.929456942,1023,2048,2048,2049
58.956715767000006,1023,2048,2048,2049
58.98964100800001,1023,2048,2048,2049
59.006063212,1023,2048,2048,2049
59.037718609,1023,2048,2048,2049
59.053846603000004,1023,2048,2048,2049
59.08824347,1023,2048,2048,2049
59.108666639000006,1023,2048,2048,2049
59.133931264000005,1023,2048,2048,2049
59.15611619800001,1023,2048,2048,2049
59.176666182000005,1023,2048,2048,2049
59.205467042,1023,2048,2048,2049
59.227812501,1023,2048,2048,2049
59.24490762400001,1023,2048,2048,2049
59.276893344,1023,2048,2048,2049
59.28964177,1023,2048,2048,2049
59.312639020000006,1023,2048,2048,2049
59.334121035,1023,2048,2048,2049
59.356121976000004,1023,2048,2048,2049
59.36875106,1023,2048,2048,2049
59.405663671000006,1023,2048,2048,2049
59.427105998,1023,2048,2048,2049
59.45969319500001,1023,2048,2048,2049
59.49404641300001,1023,2048,2048,2049
59.53282668400001,1023,2048,2048,2049
59.564662393000006,1023,2048,2048,2049
59.580405243,1023,2048,2048,2049
59.613399006,1023,2048,2048,2049
59.631475476000006,1023,2048,2048,2049
59.66268781,1023,2048,2048,2049
59.687333493000004,1023,2048,2048,2049
59.70799104100001,1023,2048,2048,2049
59.72908936300001,1023,2048,2048,2049
59.741348388000006,1023,2048,2048,2049
59.774992706000006,1023,2048,2048,2049
59.81580957600001,1023,2048,2048,2049
59.828936881000004,1023,2048,2048,2049
59.851507524000006,1023,2048,2048,2049
59.86762490500001,1023,2048,2048,2049
59.896941777,1023,2048,2048,2049
59.919058553000006,1023,2048,2048,2049
59.931348982,1023,2048,2048,2049
59.953578944,1023,2048,2048,2049
59.975217212000004,1023,2048,2048,2049
59.986713380000005,1023,2048,2048,2049
60.008136223,1023,2048,2048,2049
60.030477504000004,1023,2048,2048,2049
60.053090596000004,1023,2048,2048,2049
60.074699106000004,1023,2048,2048,2049
60.096491098,1023,2048,2048,2049
60.118518569,1023,2048,2048,2049
60.14064359,1023,2048,2048,2049
60.154382058,1023,2048,2048,2049
60.168649553,1023,2048,2048,2049
60.19281603300001,1023,2048,2048,2049
60.205729462,1023,2048,2048,2049
60.228973135000004,1023,2048,2048,2049
60.252400835,1023,2048,2048,2049
60.275998411,1023,2048,2048,2049
60.306865985,1023,2048,2048,2049
60.321933293,1023,2048,2048,2049
60.345891208000005,1023,2048,2048,2049
60.35866093800001,1023,2048,2048,2049
60.371140185,1023,2048,2048,2049
60.394729672000004,1023,2048,2048,2049
60.408995992,1023,2048,2048,2049
60.443764113,1023,2048,2048,2049
60.470165851000004,1023,2048,2048,2049
60.48256618800001,1023,2048,2048,2049
60.495880938000006,1023,2048,2048,2049
60.519069121,1023,2048,2048,2049
60.542061473000004,1023,2048,2048,2049
60.554816499000005,1023,2048,2048,2049
60.578698615,1023,2048,2048,2049
60.59240736500001,1023,2048,2048,2049
60.62203898400001,1023,2048,2048,2049
60.644333568,1023,2048,2048,2049
60.667588735,1023,2048,2048,2049
60.69093775300001,1023,2048,2048,2049
60.713574401,1023,2048,2048,2049
60.736273656,1023,2048,2048,2049
60.759037992,1023,2048,2048,2049
60.780213482,1023,2048,2048,2049
60.80196715500001,1023,2048,2048,2049
60.824012421000006,1023,2048,2048,2049
60.845245437,1023,2048,2048,2049
60.866993087000004,1023,2048,2048,2049
60.888927894000005,1023,2048,2048,2049
60.910528209000006,1023,2048,2048,2049
60.931650539,1023,2048,2048,2049
60.953120352000006,1023,2048,2048,2049
60.965380211,1023,2048,2048,2049
60.987639329000004,1023,2048,2048,2049
61.009425912000005,1023,2048,2048,2049
61.031585093000004,1023,2048,2048,2049
61.05325542600001,1023,2048,2048,2049
61.07464860300001,1023,2048,2048,2049
61.097075074,1023,2048,2048,2049
61.11918077000001,1023,2048,2048,2049
61.141990906000004,1023,2048,2048,2049
61.165198158,1023,2048,2048,2049
61.187382038,1023,2048,2048,2049
61.209434255000005,1023,2048,2048,2049
61.231354188000005,1023,2048,2048,2049
61.253120217,1023,2048,2048,2049
61.274370052,1023,2048,2048,2049
61.296556120000005,1023,2048,2048,2049
61.318276495000006,1023,2048,2048,2049
61.340457145,1023,2048,2048,2049
61.361828505000005,1023,2048,2048,2049
61.384410472000006,1023,2048,2048,2049
61.406971247,1023,2048,2048,2049
61.430182724000005,1023,2048,2048,2049
61.451481312000006,1023,2048,2048,2049
61.473027968000004,1023,2048,2048,2049
61.493945285,1023,2048,2048,2049
61.515605966,1023,2048,2048,2049
61.538127672,1023,2048,2048,2049
61.561833582000006,1023,2048,2048,2049
61.58493700100001,1023,2048,2048,2049
61.607693218,1023,2048,2048,2049
61.630085603000005,1023,2048,2048,2049
61.652460439,1023,2048,2048,2049
61.673283780000006,1023,2048,2048,2049
61.695065593,1023,2048,2048,2049
61.707396086,1023,2048,2048,2049
61.72902495700001,1023,2048,2048,2049
61.750861192,1023,2048,2048,2049
61.77716834700001,1023,2048,2048,2049
61.792466520000005,1023,2048,2048,2049
61.806600172,1023,2048,2048,2049
61.827337022,1023,2048,2048,2049
61.849058923,1023,2048,2048,2049
61.869809531,1023,2048,2048,2049
61.891213103000005,1023,2048,2048,2049
61.913207864,1023,2048,2048,2049
61.931428757000006,1023,2048,2048,2049
61.952870268000005,1023,2048,2048,2049
61.964731015000005,1023,2048,2048,2049
61.985981129,1023,2048,2048,2049
62.008339320000005,1023,2048,2048,2049
62.031378488,1023,2048,2048,2049
62.054382359,1023,2048,2048,2049
62.077010738000006,1023,2048,2048,2049
62.100180049,1023,2048,2048,2049
62.123190116,1023,2048,2048,2049
62.14697446700001,1023,2048,2048,2049
62.170693674000006,1023,2048,2048,2049
62.193542648000005,1023,2048,2048,2049
62.216716402,1023,2048,2048,2049
62.240035973000005,1023,2048,2048,2049
62.252516691000004,1023,2048,2048,2049
62.275054361,1023,2048,2048,2049
62.29757021300001,1023,2048,2048,2049
62.320401725,1023,2048,2048,2049
62.344066111000004,1023,2048,2048,2049
62.367306766000006,1023,2048,2048,2049
62.390196467,1023,2048,2048,2049
62.413874238000005,1023,2048,2048,2049
62.438227002000005,1023,2048,2048,2049
62.451367254000004,1023,2048,2048,2049
62.47519916700001,1023,2048,2048,2049
62.49839848800001,1023,2048,2048,2049
62.520947663,1023,2048,2048,2049
62.543558691,1023,2048,2048,2049
62.574335824,1023,2048,2048,2049
62.604719984000006,1023,2048,2048,2049
62.620913808000005,1023,2048,2048,2049
62.633251485,1023,2048,2048,2049
62.645114681,1023,2048,2048,2049
62.677037236000004,1023,2048,2048,2049
62.698541777,1023,2048,2048,2049
62.721585708000006,1023,2048,2048,2049
62.734593218,1023,2048,2048,2049
62.75253717100001,1023,2048,2048,2049
62.774211321,1023,2048,2048,2049
62.79535558800001,1023,2048,2048,2049
62.816518483,1023,2048,2048,2049
62.838257205000005,1023,2048,2048,2049
62.85966985100001,1023,2048,2048,2049
62.871654551000006,1023,2048,2048,2049
62.895071518,1023,2048,2048,2049
62.912718754000004,1023,2048,2048,2049
62.946246453,1023,2048,2048,2049
62.969185545,1023,2048,2048,2049
62.990612928000004,1023,2048,2048,2049
63.011707589000004,1023,2048,2048,2049
63.033560030000004,1023,2048,2048,2049
63.055261478000006,1023,2048,2048,2049
63.076887011000004,1023,2048,2048,2049
63.098314335000005,1023,2048,2048,2049
63.120163506000004,1023,2048,2048,2049
63.142394518,1023,2048,2048,2049
63.164568455,1023,2048,2048,2049
63.196989262,1023,2048,2048,2049
63.219783771,1023,2048,2048,2049
63.25129420100001,1023,2048,2048,2049
63.267795685,1023,2048,2048,2049
63.289872051,1023,2048,2048,2049
63.31198096800001,1023,2048,2048,2049
63.324440929000005,1023,2048,2048,2049
63.34738484100001,1023,2048,2048,2049
63.359746519000005,1023,2048,2048,2049
63.381661903,1023,2048,2048,2049
63.403750686,1023,2048,2048,2049
63.416924477,1023,2048,2048,2049
63.437156228000006,1023,2048,2048,2049
63.460079395,1023,2048,2048,2049
63.482955962000005,1023,2048,2048,2049
63.504557879000004,1023,2048,2048,2049
63.526267192000006,1023,2048,2048,2049
63.549061475,1023,2048,2048,2049
63.571491293,1023,2048,2048,2049
63.593905332000006,1023,2048,2048,2049
63.61629481200001,1023,2048,2048,2049
63.638776246000006,1023,2048,2048,2049
63.660322498000006,1023,2048,2048,2049
63.682719529,1023,2048,2048,2049
63.704554293,1023,2048,2048,2049
63.726417635000004,1023,2048,2048,2049
63.748759184,1023,2048,2048,2049
63.762453388000004,1023,2048,2048,2049
63.78405226300001,1023,2048,2048,2049
63.808129044000005,1023,2048,2048,2049
63.842340976,1023,2048,2048,2049
63.866549849,1023,2048,2048,2049
63.887453274,1023,2048,2048,2049
63.908713689,1023,2048,2048,2049
63.93017547,1023,2048,2048,2049
63.951527067,1023,2048,2048,2049
63.973786541,1023,2048,2048,2049
63.986170018,1023,2048,2048,2049
64.009289134,1023,2048,2048,2049
64.02357506,1023,2048,2048,2049
64.036463869,1023,2048,2048,2049
64.04956553400001,1023,2048,2048,2049
64.073236021,1023,2048,2048,2049
64.096381698,1023,2048,2048,2049
64.12176529300001,1023,2048,2048,2049
64.134749195,1023,2048,2048,2049
64.158529977,1023,2048,2048,2049
64.192879987,1023,2048,2048,2049
64.215159983,1023,2048,2048,2049
64.24470119,1023,2048,2048,2049
64.270625648,1023,2048,2048,2049
64.29376176400001,1023,2048,2048,2049
64.31721833600001,1023,2048,2048,2049
64.341568003,1023,2048,2048,2049
64.36522082500001,1023,2048,2048,2049
64.40241559900001,1023,2048,2048,2049
64.414878519,1023,2048,2048,2049
64.436934605,1023,2048,2048,2049
64.46886923800001,1023,2048,2048,2049
64.48201470800001,1023,2048,2048,2049
64.522560117,1023,2048,2048,2049
64.54020101900001,1023,2048,2048,2049
64.56296031800001,1023,2048,2048,2049
64.584742714,1023,2048,2048,2049
64.606805341,1023,2048,2048,2049
64.629630812,1023,2048,2048,2049
64.65489601200001,1023,2048,2048,2049
64.676155677,1023,2048,2048,2049
64.695731846,1023,2048,2048,2049
64.718023102,1023,2048,2048,2049
64.74133941800001,1023,2048,2048,2049
64.76644135400001,1023,2048,2048,2049
64.779303439,1023,2048,2048,2049
64.80423529800001,1023,2048,2048,2049
64.826576234,1023,2048,2048,2049
64.839387353,1023,2048,2048,2049
64.86182570300001,1023,2048,2048,2049
64.87431090300001,1023,2048,2048,2049
64.897293589,1023,2048,2048,2049
64.91025711900001,1023,2048,2048,2049
64.93504951,1023,2048,2048,2049
64.95806253,1023,2048,2048,2049
64.980637465,1023,2048,2048,2049
65.004312736,1023,2048,2048,2049
65.03142054,1023,2048,2048,2049
65.055262455,1023,2048,2048,2049
65.079032289,1023,2048,2048,2049
65.10258846,1023,2048,2048,2049
65.12637767000001,1023,2048,2048,2049
65.14022012400001,1023,2048,2048,2049
65.15636913,1023,2048,2048,2049
65.189266182,1023,2048,2048,2049
65.20175297,1023,2048,2048,2049
65.21467713,1023,2048,2048,2049
65.237604085,1023,2048,2048,2049
65.26065160200001,1023,2048,2048,2049
65.285095955,1023,2048,2048,2049
65.308728204,1023,2048,2048,2049
65.32156911,1023,2048,2048,2049
65.3454171,1023,2048,2048,2049
65.367281524,1023,2048,2048,2049
65.389999019,1023,2048,2048,2049
65.41491874900001,1023,2048,2048,2049
65.43077272800001,1023,2048,2048,2049
65.451526414,1023,2048,2048,2049
65.475921997,1023,2048,2048,2049
65.488915819,1023,2048,2048,2049
65.512749707,1023,2048,2048,2049
65.526343131,1023,2048,2048,2049
65.54929773,1023,2048,2048,2049
65.562041707,1023,2048,2048,2049
65.596926769,1023,2048,2048,2049
65.61489758500001,1023,2048,2048,2049
65.637906587,1023,2048,2048,2049
65.66023037800001,1023,2048,2048,2049
65.684037411,1023,2048,2048,2049
65.69719894800001,1023,2048,2048,2049
65.721647239,1023,2048,2048,2049
65.74544588100001,1023,2048,2048,2049
65.768161871,1023,2048,2048,2049
65.790649985,1023,2048,2048,2049
65.813498888,1023,2048,2048,2049
65.835790011,1023,2048,2048,2049
65.84831534,1023,2048,2048,2049
65.87122815000001,1023,2048,2048,2049
65.893762892,1023,2048,2048,2049
65.916289172,1023,2048,2048,2049
65.94010667500001,1023,2048,2048,2049
65.97062067200001,1023,2048,2048,2049
65.98350428100001,1023,2048,2048,2049
66.006520062,1023,2048,2048,2049
66.01951762,1023,2048,2048,2049
66.043117308,1023,2048,2048,2049
66.056244013,1023,2048,2048,2049
66.083193001,1023,2048,2048,2049
66.106896422,1023,2048,2048,2049
66.119506326,1023,2048,2048,2049
66.142706249,1023,2048,2048,2049
66.165704848,1023,2048,2048,2049
66.18868975000001,1023,2048,2048,2049
66.212881186,1023,2048,2048,2049
66.228406963,1023,2048,2048,2049
66.25224644800001,1023,2048,2048,2049
66.265459875,1023,2048,2048,2049
66.289356435,1023,2048,2048,2049
66.312494044,1023,2048,2048,2049
66.325867157,1023,2048,2048,2049
66.349640287,1023,2048,2048,2049
66.373012848,1023,2048,2048,2049
66.386217371,1023,2048,2048,2049
66.419510059,1023,2048,2048,2049
66.442093494,1023,2048,2048,2049
66.464897202,1023,2048,2048,2049
66.488572776,1023,2048,2048,2049
66.512148135,1023,2048,2048,2049
66.541669091,1023,2048,2048,2049
66.554421945,1023,2048,2048,2049
66.577799544,1023,2048,2048,2049
66.59144061100001,1023,2048,2048,2049
66.61538124,1023,2048,2048,2049
66.631448494,1023,2048,2048,2049
66.654094238,1023,2048,2048,2049
66.67717478200001,1023,2048,2048,2049
66.70048327500001,1023,2048,2048,2049
66.72375348300001,1023,2048,2048,2049
66.74729284600001,1023,2048,2048,2049
66.760325455,1023,2048,2048,2049
66.78325961,1023,2048,2048,2049
66.805555798,1023,2048,2048,2049
66.82797343300001,1023,2048,2048,2049
66.85019311500001,1023,2048,2048,2049
66.87235218400001,1023,2048,2048,2049
66.896751854,1023,2048,2048,2049
66.923635351,1023,2048,2048,2049
66.94646924300001,1023,2048,2048,2049
66.969520637,1023,2048,2048,2049
66.992974477,1023,2048,2048,2049
67.005446065,1023,2048,2048,2049
67.028410693,1023,2048,2048,2049
67.05112731,1023,2048,2048,2049
67.07450899700001,1023,2048,2048,2049
67.098560319,1023,2048,2048,2049
67.12541284400001,1023,2048,2048,2049
67.148508645,1023,2048,2048,2049
67.171872009,1023,2048,2048,2049
67.19486865,1023,2048,2048,2049
67.207411588,1023,2048,2048,2049
67.230479413,1023,2048,2048,2049
67.25508758800001,1023,2048,2048,2049
67.279344867,1023,2048,2048,2049
67.303528341,1023,2048,2048,2049
67.316369036,1023,2048,2048,2049
67.33995826200001,1023,2048,2048,2049
67.36411049,1023,2048,2048,2049
67.39813053200001,1023,2048,2048,2049
67.41053069,1023,2048,2048,2049
67.43433711,1023,2048,2048,2049
67.457837321,1023,2048,2048,2049
67.481307696,1023,2048,2048,2049
67.494388294,1023,2048,2048,2049
67.51810459000001,1023,2048,2048,2049
67.53627482200001,1023,2048,2048,2049
67.566648509,1023,2048,2048,2049
67.589055994,1023,2048,2048,2049
67.612246099,1023,2048,2048,2049
67.635699194,1023,2048,2048,2049
67.658656377,1023,2048,2048,2049
67.68231898500001,1023,2048,2048,2049
67.705488753,1023,2048,2048,2049
67.719274446,1023,2048,2048,2049
67.741871371,1023,2048,2048,2049
67.76501124900001,1023,2048,2048,2049
67.787909328,1023,2048,2048,2049
67.810458835,1023,2048,2048,2049
67.823481981,1023,2048,2048,2049
67.84676780000001,1023,2048,2048,2049
67.870524633,1023,2048,2048,2049
67.89363375,1023,2048,2048,2049
67.90614629800001,1023,2048,2048,2049
67.9289723,1023,2048,2048,2049
67.95234928400001,1023,2048,2048,2049
67.975030551,1023,2048,2048,2049
67.997007331,1023,2048,2048,2049
68.00988629300001,1023,2048,2048,2049
68.037295325,1023,2048,2048,2049
68.062792293,1023,2048,2048,2049
68.08896608900001,1023,2048,2048,2049
68.111854615,1023,2048,2048,2049
68.134791543,1023,2048,2048,2049
68.14852450400001,1023,2048,2048,2049
68.174064167,1023,2048,2048,2049
68.208763969,1023,2048,2048,2049
68.24634728400001,1023,2048,2048,2049
68.269371615,1023,2048,2048,2049
68.292195092,1023,2048,2048,2049
68.314989802,1023,2048,2048,2049
68.337973622,1023,2048,2048,2049
68.360734791,1023,2048,2048,2049
68.384507919,1023,2048,2048,2049
68.397277073,1023,2048,2048,2049
68.41035355000001,1023,2048,2048,2049
68.42362760500001,1023,2048,2048,2049
68.44664975,1023,2048,2048,2049
68.46517618,1023,2048,2048,2049
68.479051379,1023,2048,2048,2049
68.522164442,1023,2048,2048,2049
68.54985181500001,1023,2048,2048,2049
68.57330283600001,1023,2048,2048,2049
68.586848101,1023,2048,2048,2049
68.61146266600001,1023,2048,2048,2049
68.63619483800001,1023,2048,2048,2049
68.65579006,1023,2048,2048,2049
68.669744553,1023,2048,2048,2049
68.694047516,1023,2048,2048,2049
68.717436156,1023,2048,2048,2049
68.732553909,1023,2048,2048,2049
68.758994774,1023,2048,2048,2049
68.782497864,1023,2048,2048,2049
68.79557223,1023,2048,2048,2049
68.81836244,1023,2048,2048,2049
68.84184834300001,1023,2048,2048,2049
68.864770148,1023,2048,2048,2049
68.88754342200001,1023,2048,2048,2049
68.89929081300001,1023,2048,2048,2049
68.92047877200001,1023,2048,2048,2049
68.94234493900001,1023,2048,2048,2049
68.973624052,1023,2048,2048,2049
68.994886565,1023,2048,2048,2049
69.016924288,1023,2048,2048,2049
69.04120481000001,1023,2048,2048,2049
69.062729992,1023,2048,2048,2049
69.084718749,1023,2048,2048,2049
69.096573796,1023,2048,2048,2049
69.119151722,1023,2048,2048,2049
69.14439812500001,1023,2048,2048,2049
69.16212052,1023,2048,2048,2049
69.18717774000001,1023,2048,2048,2049
69.2213136,1023,2048,2048,2049
69.24412651200001,1023,2048,2048,2049
69.266932384,1023,2048,2048,2049
69.279829804,1023,2048,2048,2049
69.302208762,1023,2048,2048,2049
69.325013098,1023,2048,2048,2049
69.347649316,1023,2048,2048,2049
69.36106731800001,1023,2048,2048,2049
69.39658347000001,1023,2048,2048,2049
69.40938323,1023,2048,2048,2049
69.432195068,1023,2048,2048,2049
69.455783349,1023,2048,2048,2049
69.479110058,1023,2048,2048,2049
69.49227429300001,1023,2048,2048,2049
69.51614583700001,1023,2048,2048,2049
69.529237702,1023,2048,2048,2049
69.553635247,1023,2048,2048,2049
69.581067966,1023,2048,2048,2049
69.604050954,1023,2048,2048,2049
69.617307049,1023,2048,2048,2049
69.640523292,1023,2048,2048,2049
69.665960809,1023,2048,2048,2049
69.69123063,1023,2048,2048,2049
69.716289082,1023,2048,2048,2049
69.734649609,1023,2048,2048,2049
69.75817941300001,1023,2048,2048,2049
69.782273319,1023,2048,2048,2049
69.809907295,1023,2048,2048,2049
69.823970294,1023,2048,2048,2049
69.85320932900001,1023,2048,2048,2049
69.87079903600001,1023,2048,2048,2049
69.892098448,1023,2048,2048,2049
69.914281779,1023,2048,2048,2049
69.93746097100001,1023,2048,2048,2049
69.959878527,1023,2048,2048,2049
69.983161897,1023,2048,2048,2049
69.997123681,1023,2048,2048,2049
70.009700679,1023,2048,2048,2049
70.022899259,1023,2048,2048,2049
70.046087544,1023,2048,2048,2049
70.07128222,1023,2048,2048,2049
70.094589883,1023,2048,2048,2049
70.115090529,1023,2048,2048,2049
70.13681626200001,1023,2048,2048,2049
70.15899811300001,1023,2048,2048,2049
70.182557786,1023,2048,2048,2049
70.20603239500001,1023,2048,2048,2049
70.23160925500001,1023,2048,2048,2049
70.267837094,1023,2048,2048,2049
70.290999919,1023,2048,2048,2049
70.312519161,1023,2048,2048,2049
70.325235651,1023,2048,2048,2049
70.338865876,1023,2048,2048,2049
70.35578278700001,1023,2048,2048,2049
70.38563308500001,1023,2048,2048,2049
70.426606877,1023,2048,2048,2049
70.463445358,1023,2048,2048,2049
70.485275637,1023,2048,2048,2049
70.49707024700001,1023,2048,2048,2049
70.518975877,1023,2048,2048,2049
70.54099283800001,1023,2048,2048,2049
70.56469526100001,1023,2048,2048,2049
70.590338344,1023,2048,2048,2049
70.61385584300001,1023,2048,2048,2049
70.626632638,1023,2048,2048,2049
70.650785512,1023,2048,2048,2049
70.674585374,1023,2048,2048,2049
70.687325582,1023,2048,2048,2049
70.711410119,1023,2048,2048,2049
70.735705343,1023,2048,2048,2049
70.75971234500001,1023,2048,2048,2049
70.77280169800001,1023,2048,2048,2049
70.796642054,1023,2048,2048,2049
70.819664247,1023,2048,2048,2049
70.842677331,1023,2048,2048,2049
70.865031992,1023,2048,2048,2049
70.88799175700001,1023,2048,2048,2049
70.91223717300001,1023,2048,2048,2049
70.93201817,1023,2048,2048,2049
70.95110626,1023,2048,2048,2049
70.97376689400001,1023,2048,2048,2049
70.996314967,1023,2048,2048,2049
71.018440802,1023,2048,2048,2049
71.043123717,1023,2048,2048,2049
71.065934673,1023,2048,2048,2049
71.08912933,1023,2048,2048,2049
71.112563216,1023,2048,2048,2049
71.13568441400001,1023,2048,2048,2049
71.15944656500001,1023,2048,2048,2049
71.18281979700001,1023,2048,2048,2049
71.20665883400001,1023,2048,2048,2049
71.21935629500001,1023,2048,2048,2049
71.232370946,1023,2048,2048,2049
71.256067521,1023,2048,2048,2049
71.27985057400001,1023,2048,2048,2049
71.31360641,1023,2048,2048,2049
71.335787427,1023,2048,2048,2049
71.357658637,1023,2048,2048,2049
71.37929495,1023,2048,2048,2049
71.40196637700001,1023,2048,2048,2049
71.426718252,1023,2048,2048,2049
71.45226551100001,1023,2048,2048,2049
71.47669878100001,1023,2048,2048,2049
71.500634742,1023,2048,2048,2049
71.52447086400001,1023,2048,2048,2049
71.54828694400001,1023,2048,2048,2049
71.561660765,1023,2048,2048,2049
71.58650708100001,1023,2048,2048,2049
71.61050556400001,1023,2048,2048,2049
71.626438412,1023,2048,2048,2049
71.64450828700001,1023,2048,2048,2049
71.67871486,1023,2048,2048,2049
71.70000553300001,1023,2048,2048,2049
71.73235336500001,1023,2048,2048,2049
71.744978019,1023,2048,2048,2049
71.76329928300001,1023,2048,2048,2049
71.777302823,1023,2048,2048,2049
71.802952625,1023,2048,2048,2049
71.83388191200001,1023,2048,2048,2049
71.846004068,1023,2048,2048,2049
71.866248819,1023,2048,2048,2049
71.88820229400001,1023,2048,2048,2049
71.90946977200001,1023,2048,2048,2049
71.93122035500001,1023,2048,2048,2049
71.953070775,1023,2048,2048,2049
71.975049161,1023,2048,2048,2049
71.998540031,1023,2048,2048,2049
72.021355062,1023,2048,2048,2049
72.043817121,1023,2048,2048,2049
72.06581365800001,1023,2048,2048,2049
72.08853802200001,1023,2048,2048,2049
72.111504464,1023,2048,2048,2049
72.134711791,1023,2048,2048,2049
72.157946362,1023,2048,2048,2049
72.17142307900001,1023,2048,2048,2049
72.185633577,1023,2048,2048,2049
72.20125353,1023,2048,2048,2049
72.217383482,1023,2048,2048,2049
72.253718166,1023,2048,2048,2049
72.27548485700001,1023,2048,2048,2049
72.297457476,1023,2048,2048,2049
72.319732548,1023,2048,2048,2049
72.34283157200001,1023,2048,2048,2049
72.36580762700001,1023,2048,2048,2049
72.37845721400001,1023,2048,2048,2049
72.400961041,1023,2048,2048,2049
72.42434382500001,1023,2048,2048,2049
72.448300605,1023,2048,2048,2049
72.46118422900001,1023,2048,2048,2049
72.484484373,1023,2048,2048,2049
72.50878862100001,1023,2048,2048,2049
72.532980365,1023,2048,2048,2049
72.557194702,1023,2048,2048,2049
72.580917383,1023,2048,2048,2049
72.604653349,1023,2048,2048,2049
72.629177827,1023,2048,2048,2049
72.642023382,1023,2048,2048,2049
72.67469193000001,1023,2048,2048,2049
72.69542069100001,1023,2048,2048,2049
72.71552404500001,1023,2048,2048,2049
72.72780230400001,1023,2048,2048,2049
72.749359393,1023,2048,2048,2049
72.772330245,1023,2048,2048,2049
72.78494598,1023,2048,2048,2049
72.807613926,1023,2048,2048,2049
72.820935528,1023,2048,2048,2049
72.84286329400001,1023,2048,2048,2049
72.865437897,1023,2048,2048,2049
72.88823081800001,1023,2048,2048,2049
72.910919082,1023,2048,2048,2049
72.93369522500001,1023,2048,2048,2049
72.95622134,1023,2048,2048,2049
72.980351509,1023,2048,2048,2049
73.003175865,1023,2048,2048,2049
73.016489805,1023,2048,2048,2049
73.02974699,1023,2048,2048,2049
73.05462760500001,1023,2048,2048,2049
73.07763926300001,1023,2048,2048,2049
73.099730066,1023,2048,2048,2049
73.12407803900001,1023,2048,2048,2049
73.14593631800001,1023,2048,2048,2049
73.158682684,1023,2048,2048,2049
73.19320678000001,1023,2048,2048,2049
73.215562098,1023,2048,2048,2049
73.231529003,1023,2048,2048,2049
73.25740485200001,1023,2048,2048,2049
73.269427558,1023,2048,2048,2049
73.28302623200001,1023,2048,2048,2049
73.31467808000001,1023,2048,2048,2049
73.32850256900001,1023,2048,2048,2049
73.350128665,1023,2048,2048,2049
73.37178776200001,1023,2048,2048,2049
73.3936901,1023,2048,2048,2049
73.415919427,1023,2048,2048,2049
73.439295036,1023,2048,2048,2049
73.46361033400001,1023,2048,2048,2049
73.503404739,1023,2048,2048,2049
73.516436485,1023,2048,2048,2049
73.529853435,1023,2048,2048,2049
73.54786820300001,1023,2048,2048,2049
73.56021639100001,1023,2048,2048,2049
73.583206219,1023,2048,2048,2049
73.60007622,1023,2048,2048,2049
73.624671354,1023,2048,2048,2049
73.64695068600001,1023,2048,2048,2049
73.669562348,1023,2048,2048,2049
73.69262283,1023,2048,2048,2049
73.7198609,1023,2048,2048,2049
73.743344179,1023,2048,2048,2049
73.76591365600001,1023,2048,2048,2049
73.778545936,1023,2048,2048,2049
73.80428334,1023,2048,2048,2049
73.82658009100001,1023,2048,2048,2049
73.856801538,1023,2048,2048,2049
73.878432849,1023,2048,2048,2049
73.891026248,1023,2048,2048,2049
73.912675445,1023,2048,2048,2049
73.93495648300001,1023,2048,2048,2049
73.95611598,1023,2048,2048,2049
73.987208675,1023,2048,2048,2049
74.009403511,1023,2048,2048,2049
74.02257349700001,1023,2048,2048,2049
74.04484669300001,1023,2048,2048,2049
74.07543830200001,1023,2048,2048,2049
74.11076874000001,1023,2048,2048,2049
74.13390402200001,1023,2048,2048,2049
74.158541873,1023,2048,2048,2049
74.18182001800001,1023,2048,2048,2049
74.20476588000001,1023,2048,2048,2049
74.227978672,1023,2048,2048,2049
74.251383499,1023,2048,2048,2049
74.27470920900001,1023,2048,2048,2049
74.298105589,1023,2048,2048,2049
74.321779476,1023,2048,2048,2049
74.345083305,1023,2048,2048,2049
74.368081519,1023,2048,2048,2049
74.391439589,1023,2048,2048,2049
74.414494927,1023,2048,2048,2049
74.437963752,1023,2048,2048,2049
74.461881507,1023,2048,2048,2049
74.48626857000001,1023,2048,2048,2049
74.50917095700001,1023,2048,2048,2049
74.53915684100001,1023,2048,2048,2049
74.55756010500001,1023,2048,2048,2049
74.584510773,1023,2048,2048,2049
74.605585239,1023,2048,2048,2049
74.627041238,1023,2048,2048,2049
74.64908838800001,1023,2048,2048,2049
74.67160121500001,1023,2048,2048,2049
74.69350660500001,1023,2048,2048,2049
74.71583634400001,1023,2048,2048,2049
74.738336202,1023,2048,2048,2049
74.761353598,1023,2048,2048,2049
74.784019134,1023,2048,2048,2049
74.796550847,1023,2048,2048,2049
74.819484548,1023,2048,2048,2049
74.842978332,1023,2048,2048,2049
74.871122638,1023,2048,2048,2049
74.893579258,1023,2048,2048,2049
74.906598226,1023,2048,2048,2049
74.932167205,1023,2048,2048,2049
74.956879489,1023,2048,2048,2049
74.97963867300001,1023,2048,2048,2049
75.00209099300001,1023,2048,2048,2049
75.02540906200001,1023,2048,2048,2049
75.048749689,1023,2048,2048,2049
75.071733651,1023,2048,2048,2049
75.09959871800001,1023,2048,2048,2049
75.124457797,1023,2048,2048,2049
75.16537366,1023,2048,2048,2049
75.187731392,1023,2048,2048,2049
75.210999844,1023,2048,2048,2049
75.224037067,1023,2048,2048,2049
75.24659041400001,1023,2048,2048,2049
75.270178587,1023,2048,2048,2049
75.282856171,1023,2048,2048,2049
75.30560341500001,1023,2048,2048,2049
75.31903629700001,1023,2048,2048,2049
75.34385241700001,1023,2048,2048,2049
75.35997104100001,1023,2048,2048,2049
75.382228525,1023,2048,2048,2049
75.40522611200001,1023,2048,2048,2049
75.418340074,1023,2048,2048,2049
75.431247587,1023,2048,2048,2049
75.455366404,1023,2048,2048,2049
75.478679899,1023,2048,2048,2049
75.49466777,1023,2048,2048,2049
75.51805567000001,1023,2048,2048,2049
75.53063737000001,1023,2048,2048,2049
75.55402490200001,1023,2048,2048,2049
75.56889673900001,1023,2048,2048,2049
75.60988096700001,1023,2048,2048,2049
75.626507712,1023,2048,2048,2049
75.652255571,1023,2048,2048,2049
75.66553347600001,1023,2048,2048,2049
75.68819289300001,1023,2048,2048,2049
75.710874841,1023,2048,2048,2049
75.734076947,1023,2048,2048,2049
75.757143074,1023,2048,2048,2049
75.78033494900001,1023,2048,2048,2049
75.803585059,1023,2048,2048,2049
75.816466643,1023,2048,2048,2049
75.838733622,1023,2048,2048,2049
75.85125131800001,1023,2048,2048,2049
75.86360919500001,1023,2048,2048,2049
75.88631357,1023,2048,2048,2049
75.90911282200001,1023,2048,2048,2049
75.93263902300001,1023,2048,2048,2049
75.95758019,1023,2048,2048,2049
75.980779842,1023,2048,2048,2049
76.004384496,1023,2048,2048,2049
76.02747167400001,1023,2048,2048,2049
76.050686564,1023,2048,2048,2049
76.073975887,1023,2048,2048,2049
76.09748566500001,1023,2048,2048,2049
76.12187968100001,1023,2048,2048,2049
76.148218455,1023,2048,2048,2049
76.16299597700001,1023,2048,2048,2049
76.19863328000001,1023,2048,2048,2049
76.22039152100001,1023,2048,2048,2049
76.24218545100001,1023,2048,2048,2049
76.254396969,1023,2048,2048,2049
76.27768192900001,1023,2048,2048,2049
76.30047509500001,1023,2048,2048,2049
76.333417318,1023,2048,2048,2049
76.35043126500001,1023,2048,2048,2049
76.373201757,1023,2048,2048,2049
76.385461225,1023,2048,2048,2049
76.40695238100001,1023,2048,2048,2049
76.420135481,1023,2048,2048,2049
76.440105348,1023,2048,2048,2049
76.457377229,1023,2048,2048,2049
76.49898836300001,1023,2048,2048,2049
76.531740262,1023,2048,2048,2049
76.564471357,1023,2048,2048,2049
76.58909314200001,1023,2048,2048,2049
76.61131141300001,1023,2048,2048,2049
76.63402139300001,1023,2048,2048,2049
76.657451517,1023,2048,2048,2049
76.67099724,1023,2048,2048,2049
76.704027865,1023,2048,2048,2049
76.719959333,1023,2048,2048,2049
76.753222629,1023,2048,2048,2049
76.772039108,1023,2048,2048,2049
76.79748362800001,1023,2048,2048,2049
76.81039902,1023,2048,2048,2049
76.833630536,1023,2048,2048,2049
76.856008648,1023,2048,2048,2049
76.87795061,1023,2048,2048,2049
76.900257384,1023,2048,2048,2049
76.92341843,1023,2048,2048,2049
76.94640565600001,1023,2048,2048,2049
76.968616517,1023,2048,2048,2049
76.99116829,1023,2048,2048,2049
77.014922831,1023,2048,2048,2049
77.03848405100001,1023,2048,2048,2049
77.05165911200001,1023,2048,2048,2049
77.083071821,1023,2048,2048,2049
77.097662475,1023,2048,2048,2049
77.116129473,1023,2048,2048,2049
77.14850577600001,1023,2048,2048,2049
77.178761386,1023,2048,2048,2049
77.192447375,1023,2048,2048,2049
77.205939095,1023,2048,2048,2049
77.228826225,1023,2048,2048,2049
77.251965404,1023,2048,2048,2049
77.27469723200001,1023,2048,2048,2049
77.29751199900001,1023,2048,2048,2049
77.32054016800001,1023,2048,2048,2049
77.333601039,1023,2048,2048,2049
77.357114822,1023,2048,2048,2049
77.380627555,1023,2048,2048,2049
77.40375602900001,1023,2048,2048,2049
77.426729021,1023,2048,2048,2049
77.449973215,1023,2048,2048,2049
77.47363454500001,1023,2048,2048,2049
77.49797639,1023,2048,2048,2049
77.51200272,1023,2048,2048,2049
77.538403711,1023,2048,2048,2049
77.561909946,1023,2048,2048,2049
77.58561285500001,1023,2048,2048,2049
77.610358358,1023,2048,2048,2049
77.64294146600001,1023,2048,2048,2049
77.666802117,1023,2048,2048,2049
77.690007447,1023,2048,2048,2049
77.71361909000001,1023,2048,2048,2049
77.736926912,1023,2048,2048,2049
77.760402724,1023,2048,2048,2049
77.78372328900001,1023,2048,2048,2049
77.806619256,1023,2048,2048,2049
77.82963616500001,1023,2048,2048,2049
77.85265404900001,1023,2048,2048,2049
77.86559741,1023,2048,2048,2049
77.888824244,1023,2048,2048,2049
77.902221913,1023,2048,2048,2049
77.925542934,1023,2048,2048,2049
77.938521487,1023,2048,2048,2049
77.95112561100001,1023,2048,2048,2049
77.977993271,1023,2048,2048,2049
77.996979587,1023,2048,2048,2049
78.010048434,1023,2048,2048,2049
78.026928951,1023,2048,2048,2049
78.05535393400001,1023,2048,2048,2049
78.06857708700001,1023,2048,2048,2049
78.091808142,1023,2048,2048,2049
78.11447563200001,1023,2048,2048,2049
78.13751189700001,1023,2048,2048,2049
78.16094554600001,1023,2048,2048,2049
78.184071235,1023,2048,2048,2049
78.21645686800001,1023,2048,2048,2049
78.255770952,1023,2048,2048,2049
78.276366013,1023,2048,2048,2049
78.290397829,1023,2048,2048,2049
78.316167229,1023,2048,2048,2049
78.339540705,1023,2048,2048,2049
78.362661589,1023,2048,2048,2049
78.375612282,1023,2048,2048,2049
78.398377995,1023,2048,2048,2049
78.421427186,1023,2048,2048,2049
78.445593812,1023,2048,2048,2049
78.469066466,1023,2048,2048,2049
78.492394659,1023,2048,2048,2049
78.516030599,1023,2048,2048,2049
78.53956166500001,1023,2048,2048,2049
78.55385209100001,1023,2048,2048,2049
78.577677819,1023,2048,2048,2049
78.604960801,1023,2048,2048,2049
78.624107144,1023,2048,2048,2049
78.648469778,1023,2048,2048,2049
78.66157233300001,1023,2048,2048,2049
78.68512860700001,1023,2048,2048,2049
78.698772061,1023,2048,2048,2049
78.722781045,1023,2048,2048,2049
78.746589989,1023,2048,2048,2049
78.77025642400001,1023,2048,2048,2049
78.795247918,1023,2048,2048,2049
78.816307425,1023,2048,2048,2049
78.831568641,1023,2048,2048,2049
78.85479995700001,1023,2048,2048,2049
78.86866737700001,1023,2048,2048,2049
78.891164407,1023,2048,2048,2049
78.914206264,1023,2048,2048,2049
78.937193448,1023,2048,2048,2049
78.95047330300001,1023,2048,2048,2049
78.970723925,1023,2048,2048,2049
79.007619151,1023,2048,2048,2049
79.03129196600001,1023,2048,2048,2049
79.055140971,1023,2048,2048,2049
79.078667615,1023,2048,2048,2049
79.09149134100001,1023,2048,2048,2049
79.120449823,1023,2048,2048,2049
79.145296618,1023,2048,2048,2049
79.158591844,1023,2048,2048,2049
79.18700885300001,1023,2048,2048,2049
79.210492043,1023,2048,2048,2049
79.234280942,1023,2048,2048,2049
79.258206308,1023,2048,2048,2049
79.275937732,1023,2048,2048,2049
79.28948198100001,1023,2048,2048,2049
79.31234167000001,1023,2048,2048,2049
79.32543727000001,1023,2048,2048,2049
79.34834335800001,1023,2048,2048,2049
79.371288645,1023,2048,2048,2049
79.38361761200001,1023,2048,2048,2049
79.407570672,1023,2048,2048,2049
79.431348939,1023,2048,2048,2049
79.444485201,1023,2048,2048,2049
79.46136912600001,1023,2048,2048,2049
79.49260956,1023,2048,2048,2049
79.50621165300001,1023,2048,2048,2049
79.53068387100001,1023,2048,2048,2049
79.553814774,1023,2048,2048,2049
79.57685674000001,1023,2048,2048,2049
79.595119822,1023,2048,2048,2049
79.62618000900001,1023,2048,2048,2049
79.648575612,1023,2048,2048,2049
79.676340373,1023,2048,2048,2049
79.697022547,1023,2048,2048,2049
79.71595795500001,1023,2048,2048,2049
79.742868412,1023,2048,2048,2049
79.759551863,1023,2048,2048,2049
79.79335392,1023,2048,2048,2049
79.822384207,1023,2048,2048,2049
79.844680064,1023,2048,2048,2049
79.867518536,1023,2048,2048,2049
79.890895763,1023,2048,2048,2049
79.923825566,1023,2048,2048,2049
79.94318714900001,1023,2048,2048,2049
79.957064613,1023,2048,2048,2049
79.97044925200001,1023,2048,2048,2049
79.993877931,1023,2048,2048,2049
80.006569302,1023,2048,2048,2049
80.036079363,1023,2048,2048,2049
80.070317906,1023,2048,2048,2049
80.08475196,1023,2048,2048,2049
80.118825492,1023,2048,2048,2049
80.135083166,1023,2048,2048,2049
80.158629761,1023,2048,2048,2049
80.18526216100001,1023,2048,2048,2049
80.21040821400001,1023,2048,2048,2049
80.225276027,1023,2048,2048,2049
80.254575431,1023,2048,2048,2049
80.282540804,1023,2048,2048,2049
80.30541573800001,1023,2048,2048,2049
80.318620259,1023,2048,2048,2049
80.34494734100001,1023,2048,2048,2049
80.369072136,1023,2048,2048,2049
80.399105421,1023,2048,2048,2049
80.421848917,1023,2048,2048,2049
80.434265646,1023,2048,2048,2049
80.456464885,1023,2048,2048,2049
80.479116749,1023,2048,2048,2049
80.50810048400001,1023,2048,2048,2049
80.53079909200001,1023,2048,2048,2049
80.55417488,1023,2048,2048,2049
80.577935467,1023,2048,2048,2049
80.59195991300001,1023,2048,2048,2049
80.615585079,1023,2048,2048,2049
80.631423657,1023,2048,2048,2049
80.654119797,1023,2048,2048,2049
80.677484449,1023,2048,2048,2049
80.708609287,1023,2048,2048,2049
80.72650157700001,1023,2048,2048,2049
80.75726268800001,1023,2048,2048,2049
80.78020658,1023,2048,2048,2049
80.803148363,1023,2048,2048,2049
80.82700054300001,1023,2048,2048,2049
80.849254942,1023,2048,2048,2049
80.871750084,1023,2048,2048,2049
80.89552225700001,1023,2048,2048,2049
80.917305559,1023,2048,2048,2049
80.940097836,1023,2048,2048,2049
80.96398877300001,1023,2048,2048,2049
80.98707408300001,1023,2048,2048,2049
81.01036401200001,1023,2048,2048,2049
81.034117218,1023,2048,2048,2049
81.04733668300001,1023,2048,2048,2049
81.071040794,1023,2048,2048,2049
81.09507271700001,1023,2048,2048,2049
81.10764830100001,1023,2048,2048,2049
81.13094492200001,1023,2048,2048,2049
81.154099851,1023,2048,2048,2049
81.167014768,1023,2048,2048,2049
81.191048783,1023,2048,2048,2049
81.21554173700001,1023,2048,2048,2049
81.230291988,1023,2048,2048,2049
81.264964992,1023,2048,2048,2049
81.29706917,1023,2048,2048,2049
81.320599751,1023,2048,2048,2049
81.344343859,1023,2048,2048,2049
81.367786253,1023,2048,2048,2049
81.39136028300001,1023,2048,2048,2049
81.41415008,1023,2048,2048,2049
81.43717427600001,1023,2048,2048,2049
81.45978974900001,1023,2048,2048,2049
81.482811701,1023,2048,2048,2049
81.507164629,1023,2048,2048,2049
81.52051337,1023,2048,2048,2049
81.54408770100001,1023,2048,2048,2049
81.56750569900001,1023,2048,2048,2049
81.59056174,1023,2048,2048,2049
81.613982393,1023,2048,2048,2049
81.637364824,1023,2048,2048,2049
81.660828736,1023,2048,2048,2049
81.68373832500001,1023,2048,2048,2049
81.696827962,1023,2048,2048,2049
81.72043797100001,1023,2048,2048,2049
81.744166116,1023,2048,2048,2049
81.76739650100001,1023,2048,2048,2049
81.78003389700001,1023,2048,2048,2049
81.80395213700001,1023,2048,2048,2049
81.82766758400001,1023,2048,2048,2049
81.852421155,1023,2048,2048,2049
81.866248911,1023,2048,2048,2049
81.880926122,1023,2048,2048,2049
81.89811409100001,1023,2048,2048,2049
81.93165163,1023,2048,2048,2049
81.96250007500001,1023,2048,2048,2049
81.976448178,1023,2048,2048,2049
82.008364924,1023,2048,2048,2049
82.04734285,1023,2048,2048,2049
82.07591683300001,1023,2048,2048,2049
82.09118120400001,1023,2048,2048,2049
82.116620055,1023,2048,2048,2049
82.143127526,1023,2048,2048,2049
82.1594465,1023,2048,2048,2049
82.18378287,1023,2048,2048,2049
82.199857261,1023,2048,2048,2049
82.22333146700001,1023,2048,2048,2049
82.255626355,1023,2048,2048,2049
82.27113897000001,1023,2048,2048,2049
82.301018853,1023,2048,2048,2049
82.314933435,1023,2048,2048,2049
82.34001652500001,1023,2048,2048,2049
82.36248462200001,1023,2048,2048,2049
82.385029391,1023,2048,2048,2049
82.408342696,1023,2048,2048,2049
82.431233776,1023,2048,2048,2049
82.45465100700001,1023,2048,2048,2049
82.478477447,1023,2048,2048,2049
82.50240638800001,1023,2048,2048,2049
82.52654436,1023,2048,2048,2049
82.550187116,1023,2048,2048,2049
82.57318571500001,1023,2048,2048,2049
82.596855641,1023,2048,2048,2049
82.620798515,1023,2048,2048,2049
82.634473842,1023,2048,2048,2049
82.669637233,1023,2048,2048,2049
82.69207485000001,1023,2048,2048,2049
82.728462334,1023,2048,2048,2049
82.751350379,1023,2048,2048,2049
82.77414058100001,1023,2048,2048,2049
82.797235039,1023,2048,2048,2049
82.82133105700001,1023,2048,2048,2049
82.856213647,1023,2048,2048,2049
82.86961969400001,1023,2048,2048,2049
82.89359149100001,1023,2048,2048,2049
82.90674520200001,1023,2048,2048,2049
82.93165300800001,1023,2048,2048,2049
82.956518138,1023,2048,2048,2049
82.973605218,1023,2048,2048,2049
82.992622912,1023,2048,2048,2049
83.018847076,1023,2048,2048,2049
83.03546579200001,1023,2048,2048,2049
83.05952607200001,1023,2048,2048,2049
83.094354416,1023,2048,2048,2049
83.106919202,1023,2048,2048,2049
83.135255852,1023,2048,2048,2049
83.16003891000001,1023,2048,2048,2049
83.173300337,1023,2048,2048,2049
83.186416601,1023,2048,2048,2049
83.209331327,1023,2048,2048,2049
83.232010353,1023,2048,2048,2049
83.244725277,1023,2048,2048,2049
83.263962456,1023,2048,2048,2049
83.286558689,1023,2048,2048,2049
83.310087936,1023,2048,2048,2049
83.323492533,1023,2048,2048,2049
83.341499678,1023,2048,2048,2049
83.35694459700001,1023,2048,2048,2049
83.38948526600001,1023,2048,2048,2049
83.404848228,1023,2048,2048,2049
83.42827265300001,1023,2048,2048,2049
83.45015873,1023,2048,2048,2049
83.471279214,1023,2048,2048,2049
83.49281829,1023,2048,2048,2049
83.50440880000001,1023,2048,2048,2049
83.525184514,1023,2048,2048,2049
83.548146591,1023,2048,2048,2049
83.572294067,1023,2048,2048,2049
83.59630364,1023,2048,2048,2049
83.62015045800001,1023,2048,2048,2049
83.643634754,1023,2048,2048,2049
83.66613734100001,1023,2048,2048,2049
83.687271812,1023,2048,2048,2049
83.708915425,1023,2048,2048,2049
83.730836397,1023,2048,2048,2049
83.752038322,1023,2048,2048,2049
83.774650265,1023,2048,2048,2049
83.79754856000001,1023,2048,2048,2049
83.82136552200001,1023,2048,2048,2049
83.844434304,1023,2048,2048,2049
83.865695567,1023,2048,2048,2049
83.877401307,1023,2048,2048,2049
83.899451783,1023,2048,2048,2049
83.92208317500001,1023,2048,2048,2049
83.944766619,1023,2048,2048,2049
83.96821270000001,1023,2048,2048,2049
83.991208453,1023,2048,2048,2049
84.013009185,1023,2048,2048,2049
84.025236113,1023,2048,2048,2049
84.05455069700001,1023,2048,2048,2049
84.080430194,1023,2048,2048,2049
84.10322158000001,1023,2048,2048,2049
84.116579462,1023,2048,2048,2049
84.13996312200001,1023,2048,2048,2049
84.16323755,1023,2048,2048,2049
84.18519392500001,1023,2048,2048,2049
84.207475841,1023,2048,2048,2049
84.236066159,1023,2048,2048,2049
84.249608648,1023,2048,2048,2049
84.27550910000001,1023,2048,2048,2049
84.304365488,1023,2048,2048,2049
84.33959137900001,1023,2048,2048,2049
84.36735987200001,1023,2048,2048,2049
84.39370649300001,1023,2048,2048,2049
84.418302025,1023,2048,2048,2049
84.44291537100001,1023,2048,2048,2049
84.46616302000001,1023,2048,2048,2049
84.489275182,1023,2048,2048,2049
84.513049916,1023,2048,2048,2049
84.52616707300001,1023,2048,2048,2049
84.550113326,1023,2048,2048,2049
84.573289946,1023,2048,2048,2049
84.596796459,1023,2048,2048,2049
84.62255521,1023,2048,2048,2049
84.64739648400001,1023,2048,2048,2049
84.67135529500001,1023,2048,2048,2049
84.684990645,1023,2048,2048,2049
84.69847573,1023,2048,2048,2049
84.722679685,1023,2048,2048,2049
84.74780635100001,1023,2048,2048,2049
84.77149933400001,1023,2048,2048,2049
84.78551363400001,1023,2048,2048,2049
84.79938942800001,1023,2048,2048,2049
84.823661754,1023,2048,2048,2049
84.84836945,1023,2048,2048,2049
84.87355613800001,1023,2048,2048,2049
84.898409895,1023,2048,2048,2049
84.92308878300001,1023,2048,2048,2049
84.94818317400001,1023,2048,2048,2049
84.97443815800001,1023,2048,2048,2049
84.99949412800001,1023,2048,2048,2049
85.02428479400001,1023,2048,2048,2049
85.038031246,1023,2048,2048,2049
85.063044027,1023,2048,2048,2049
85.08752963,1023,2048,2048,2049
85.11291724,1023,2048,2048,2049
85.13681026,1023,2048,2048,2049
85.160037324,1023,2048,2048,2049
85.185872509,1023,2048,2048,2049
85.212379975,1023,2048,2048,2049
85.238419472,1023,2048,2048,2049
85.26794297800001,1023,2048,2048,2049
85.303985448,1023,2048,2048,2049
85.33315836700001,1023,2048,2048,2049
85.355858928,1023,2048,2048,2049
85.36941273400001,1023,2048,2048,2049
85.393393458,1023,2048,2048,2049
85.407182743,1023,2048,2048,2049
85.43059992900001,1023,2048,2048,2049
85.443555665,1023,2048,2048,2049
85.45708179900001,1023,2048,2048,2049
85.47072288300001,1023,2048,2048,2049
85.493434038,1023,2048,2048,2049
85.51574519200001,1023,2048,2048,2049
85.538016318,1023,2048,2048,2049
85.561061967,1023,2048,2048,2049
85.584006055,1023,2048,2048,2049
85.596451343,1023,2048,2048,2049
85.619591692,1023,2048,2048,2049
85.642982426,1023,2048,2048,2049
85.66707471800001,1023,2048,2048,2049
85.689806816,1023,2048,2048,2049
85.71232623,1023,2048,2048,2049
85.735540829,1023,2048,2048,2049
85.769747307,1023,2048,2048,2049
85.78836970100001,1023,2048,2048,2049
85.80314615900001,1023,2048,2048,2049
85.826140167,1023,2048,2048,2049
85.838831603,1023,2048,2048,2049
85.861335048,1023,2048,2048,2049
85.883616605,1023,2048,2048,2049
85.90549051800001,1023,2048,2048,2049
85.92607408500001,1023,2048,2048,2049
85.94701482900001,1023,2048,2048,2049
85.967604846,1023,2048,2048,2049
