Timestamp,Motor1,Motor2,Motor3,Motor4
0.294010266,1023,2048,2048,2049
0.31910562800000003,1023,2048,2048,2049
0.36892948400000003,1023,2048,2048,2049
0.41999412500000005,1023,2048,2048,2049
0.47972208800000005,1023,2048,2048,2049
0.507348839,1023,2048,2048,2049
0.550889721,1023,2048,2048,2049
0.565804728,1023,2048,2048,2049
0.577261812,1023,2048,2048,2049
0.6043692860000001,1023,2048,2048,2049
0.625758303,1023,2048,2048,2049
0.650450125,1023,2048,2048,2049
0.669355919,1023,2048,2048,2049
0.6833067580000001,1023,2048,2048,2049
0.708764571,1023,2048,2048,2049
0.732193466,1023,2048,2048,2049
0.7715511580000001,1023,2048,2048,2049
0.786482636,1023,2048,2048,2049
0.800212227,1023,2048,2048,2049
0.8130608960000001,1023,2048,2048,2049
0.825441324,1023,2048,2048,2049
0.8377536710000001,1023,2048,2048,2049
0.868678697,1023,2048,2048,2049
0.8919544890000001,1023,2048,2048,2049
0.9133620570000001,1023,2048,2048,2049
0.93798771,1023,2048,2048,2049
0.962068522,1023,2048,2048,2049
0.98594574,1023,2048,2048,2049
0.9996750780000001,1023,2048,2048,2049
1.0172447660000001,1023,2048,2048,2049
1.040163306,1023,2048,2048,2049
1.063703716,1023,2048,2048,2049
1.087659761,1023,2048,2048,2049
1.1129173840000002,1023,2048,2048,2049
1.134735387,1023,2048,2048,2049
1.147263442,1023,2048,2048,2049
1.1604241320000002,1023,2048,2048,2049
1.193779058,1023,2048,2048,2049
1.207564067,1023,2048,2048,2049
1.2264303650000001,1023,2048,2048,2049
1.244859243,1023,2048,2048,2049
1.278094329,1023,2048,2048,2049
1.3053601890000002,1023,2048,2048,2049
1.327345342,1023,2048,2048,2049
1.3402579540000001,1023,2048,2048,2049
1.362540152,1023,2048,2048,2049
1.3868703820000001,1023,2048,2048,2049
1.409456354,1023,2048,2048,2049
1.4344774770000002,1023,2048,2048,2049
1.448642387,1023,2048,2048,2049
1.472861368,1023,2048,2048,2049
1.4892532760000001,1023,2048,2048,2049
1.506580365,1023,2048,2048,2049
1.521128539,1023,2048,2048,2049
1.535689898,1023,2048,2048,2049
1.548173327,1023,2048,2048,2049
1.5732314120000002,1023,2048,2048,2049
1.5992928020000001,1023,2048,2048,2049
1.628362423,1023,2048,2048,2049
1.656547789,1023,2048,2048,2049
1.6804570390000002,1023,2048,2048,2049
1.7076775960000001,1023,2048,2048,2049
1.733360049,1023,2048,2048,2049
1.755460197,1023,2048,2048,2049
1.7855455020000002,1023,2048,2048,2049
1.8177360070000002,1023,2048,2048,2049
1.834503089,1023,2048,2048,2049
1.8542042250000002,1023,2048,2048,2049
1.877863738,1023,2048,2048,2049
1.9033098320000001,1023,2048,2048,2049
1.9187382670000002,1023,2048,2048,2049
1.9449575860000001,1023,2048,2048,2049
1.9619565380000001,1023,2048,2048,2049
1.9849276320000002,1023,2048,2048,2049
2.0080772270000002,1023,2048,2048,2049
2.030514079,1023,2048,2048,2049
2.060150813,1023,2048,2048,2049
2.072898943,1023,2048,2048,2049
2.101070241,1023,2048,2048,2049
2.1254953420000002,1023,2048,2048,2049
2.148283407,1023,2048,2048,2049
2.172463756,1023,2048,2048,2049
2.195912336,1023,2048,2048,2049
2.2197399410000003,1023,2048,2048,2049
2.243339469,1023,2048,2048,2049
2.266306342,1023,2048,2048,2049
2.286615377,1023,2048,2048,2049
2.311678556,1023,2048,2048,2049
2.324838031,1023,2048,2048,2049
2.337653667,1023,2048,2048,2049
2.36042961,1023,2048,2048,2049
2.3752954820000003,1023,2048,2048,2049
2.3917605010000003,1023,2048,2048,2049
2.4176679770000002,1023,2048,2048,2049
2.436184878,1023,2048,2048,2049
2.459929013,1023,2048,2048,2049
2.483281629,1023,2048,2048,2049
2.5087370690000004,1023,2048,2048,2049
2.53747218,1023,2048,2048,2049
2.5523390480000003,1023,2048,2048,2049
2.57557796,1023,2048,2048,2049
2.591144254,1023,2048,2048,2049
2.6140926920000003,1023,2048,2048,2049
2.642046714,1023,2048,2048,2049
2.676458186,1023,2048,2048,2049
2.6992967390000002,1023,2048,2048,2049
2.711381611,1023,2048,2048,2049
2.724377382,1023,2048,2048,2049
2.748584728,1023,2048,2048,2049
2.7702682960000002,1023,2048,2048,2049
2.78311362,1023,2048,2048,2049
2.809306202,1023,2048,2048,2049
2.8312061180000003,1023,2048,2048,2049
2.8441936070000002,1023,2048,2048,2049
2.8565311720000004,1023,2048,2048,2049
2.8792667560000003,1023,2048,2048,2049
2.893123757,1023,2048,2048,2049
2.915245924,1023,2048,2048,2049
2.929809114,1023,2048,2048,2049
2.9513405710000002,1023,2048,2048,2049
2.963235424,1023,2048,2048,2049
2.982250811,1023,2048,2048,2049
3.001892996,1023,2048,2048,2049
3.022369067,1023,2048,2048,2049
3.0430705020000004,1023,2048,2048,2049
3.063342392,1023,2048,2048,2049
3.0832808490000003,1023,2048,2048,2049
3.102911542,1023,2048,2048,2049
3.1227729990000004,1023,2048,2048,2049
3.143535796,1023,2048,2048,2049
3.1647132510000002,1023,2048,2048,2049
3.186058897,1023,2048,2048,2049
3.199325543,1023,2048,2048,2049
3.219939923,1023,2048,2048,2049
3.2490911610000004,1023,2048,2048,2049
3.274894851,1023,2048,2048,2049
3.287489281,1023,2048,2048,2049
3.311656558,1023,2048,2048,2049
3.3319782790000003,1023,2048,2048,2049
3.352833693,1023,2048,2048,2049
3.373127273,1023,2048,2048,2049
3.3846218820000002,1023,2048,2048,2049
3.4174243470000003,1023,2048,2048,2049
3.429061459,1023,2048,2048,2049
3.4556194400000004,1023,2048,2048,2049
3.475654344,1023,2048,2048,2049
3.4962760580000003,1023,2048,2048,2049
3.5082523720000003,1023,2048,2048,2049
3.52941414,1023,2048,2048,2049
3.5508268600000004,1023,2048,2048,2049
3.573069625,1023,2048,2048,2049
3.5875026520000004,1023,2048,2048,2049
3.6084809420000004,1023,2048,2048,2049
3.6291381640000004,1023,2048,2048,2049
3.649724898,1023,2048,2048,2049
3.670536504,1023,2048,2048,2049
3.6914098130000004,1023,2048,2048,2049
3.7122484200000003,1023,2048,2048,2049
3.7330612420000002,1023,2048,2048,2049
3.7536696970000003,1023,2048,2048,2049
3.775215353,1023,2048,2048,2049
3.788636846,1023,2048,2048,2049
3.809602651,1023,2048,2048,2049
3.83022475,1023,2048,2048,2049
3.851023606,1023,2048,2048,2049
3.871676508,1023,2048,2048,2049
3.8929651080000003,1023,2048,2048,2049
3.9138305190000002,1023,2048,2048,2049
3.9356536060000002,1023,2048,2048,2049
3.9571654130000002,1023,2048,2048,2049
3.970114381,1023,2048,2048,2049
3.992016404,1023,2048,2048,2049
4.012612152,1023,2048,2048,2049
4.0370891,1023,2048,2048,2049
4.058146217,1023,2048,2048,2049
4.081582365,1023,2048,2048,2049
4.098853508,1023,2048,2048,2049
4.126396387000001,1023,2048,2048,2049
4.143126871000001,1023,2048,2048,2049
4.178423736,1023,2048,2048,2049
4.201343489,1023,2048,2048,2049
4.226252256,1023,2048,2048,2049
4.239109912,1023,2048,2048,2049
4.2529275890000005,1023,2048,2048,2049
4.287274627,1023,2048,2048,2049
4.309799327,1023,2048,2048,2049
4.334142956,1023,2048,2048,2049
4.351626833,1023,2048,2048,2049
4.377223533,1023,2048,2048,2049
4.414916241,1023,2048,2048,2049
4.428621925,1023,2048,2048,2049
4.45051444,1023,2048,2048,2049
4.472528973,1023,2048,2048,2049
4.515463153000001,1023,2048,2048,2049
4.535871931,1023,2048,2048,2049
4.572509134000001,1023,2048,2048,2049
4.5960527860000004,1023,2048,2048,2049
4.617330853,1023,2048,2048,2049
4.638956385,1023,2048,2048,2049
4.661841450000001,1023,2048,2048,2049
4.6843068610000005,1023,2048,2048,2049
4.707077313,1023,2048,2048,2049
4.735753092,1023,2048,2048,2049
4.762469764,1023,2048,2048,2049
4.785627417000001,1023,2048,2048,2049
4.809577805,1023,2048,2048,2049
4.827826299000001,1023,2048,2048,2049
4.852333285,1023,2048,2048,2049
4.863460277000001,1023,2048,2048,2049
4.882698782,1023,2048,2048,2049
4.903031942,1023,2048,2048,2049
4.923040983,1023,2048,2048,2049
4.943495846,1023,2048,2048,2049
4.954717328,1023,2048,2048,2049
4.975892743,1023,2048,2048,2049
4.995289984,1023,2048,2048,2049
5.014709198,1023,2048,2048,2049
5.034281325,1023,2048,2048,2049
5.054490272000001,1023,2048,2048,2049
5.074250199000001,1023,2048,2048,2049
5.08540832,1023,2048,2048,2049
5.097044198000001,1023,2048,2048,2049
5.123508559,1023,2048,2048,2049
5.144105746,1023,2048,2048,2049
5.156999956,1023,2048,2048,2049
5.180043532,1023,2048,2048,2049
5.200118136,1023,2048,2048,2049
5.220411046000001,1023,2048,2048,2049
5.24108224,1023,2048,2048,2049
5.253506568000001,1023,2048,2048,2049
5.286791573,1023,2048,2048,2049
5.306969499,1023,2048,2048,2049
5.330118161000001,1023,2048,2048,2049
5.350597765000001,1023,2048,2048,2049
5.3638627670000005,1023,2048,2048,2049
5.384362633,1023,2048,2048,2049
5.3974489420000005,1023,2048,2048,2049
5.411160532,1023,2048,2048,2049
5.437169559,1023,2048,2048,2049
5.450361599000001,1023,2048,2048,2049
5.470086102000001,1023,2048,2048,2049
5.489521972,1023,2048,2048,2049
5.509298448,1023,2048,2048,2049
5.528725026,1023,2048,2048,2049
5.5397505,1023,2048,2048,2049
5.559637424,1023,2048,2048,2049
5.579769011000001,1023,2048,2048,2049
5.5996775880000005,1023,2048,2048,2049
5.619867428,1023,2048,2048,2049
5.639617739,1023,2048,2048,2049
5.660335665000001,1023,2048,2048,2049
5.69233945,1023,2048,2048,2049
5.712859752,1023,2048,2048,2049
5.7339500800000005,1023,2048,2048,2049
5.754298939000001,1023,2048,2048,2049
5.77900257,1023,2048,2048,2049
5.800840778,1023,2048,2048,2049
5.813206857,1023,2048,2048,2049
5.8315942210000005,1023,2048,2048,2049
5.856884153,1023,2048,2048,2049
5.892377132,1023,2048,2048,2049
5.909520073,1023,2048,2048,2049
5.923153687,1023,2048,2048,2049
5.940544161,1023,2048,2048,2049
5.962098180000001,1023,2048,2048,2049
5.975393405,1023,2048,2048,2049
5.995698505,1023,2048,2048,2049
6.006778094,1023,2048,2048,2049
6.027646392,1023,2048,2048,2049
6.039806550000001,1023,2048,2048,2049
6.070686564000001,1023,2048,2048,2049
6.082466129,1023,2048,2048,2049
6.114391954,1023,2048,2048,2049
6.1391198860000005,1023,2048,2048,2049
6.150510527000001,1023,2048,2048,2049
6.171068292,1023,2048,2048,2049
6.191502068,1023,2048,2048,2049
6.209266942,1023,2048,2048,2049
6.229529632,1023,2048,2048,2049
6.2492072510000005,1023,2048,2048,2049
6.269851823000001,1023,2048,2048,2049
6.280961062,1023,2048,2048,2049
6.294508455000001,1023,2048,2048,2049
6.309850217,1023,2048,2048,2049
6.321549610000001,1023,2048,2048,2049
6.342717636000001,1023,2048,2048,2049
6.3545321260000005,1023,2048,2048,2049
6.375300556,1023,2048,2048,2049
6.387190784,1023,2048,2048,2049
6.407493876,1023,2048,2048,2049
6.428577841,1023,2048,2048,2049
6.449839508,1023,2048,2048,2049
6.470777606,1023,2048,2048,2049
6.481986299000001,1023,2048,2048,2049
6.502035158,1023,2048,2048,2049
6.522929896000001,1023,2048,2048,2049
6.54366244,1023,2048,2048,2049
6.565071711000001,1023,2048,2048,2049
6.585953684000001,1023,2048,2048,2049
6.606484012,1023,2048,2048,2049
6.63587663,1023,2048,2048,2049
6.659113280000001,1023,2048,2048,2049
6.679026326000001,1023,2048,2048,2049
6.699277881,1023,2048,2048,2049
6.719314218,1023,2048,2048,2049
6.739190816000001,1023,2048,2048,2049
6.7596527790000005,1023,2048,2048,2049
6.779734457,1023,2048,2048,2049
6.800027587000001,1023,2048,2048,2049
6.8205806540000005,1023,2048,2048,2049
6.840050829000001,1023,2048,2048,2049
6.8595921,1023,2048,2048,2049
6.879043813,1023,2048,2048,2049
6.890268745,1023,2048,2048,2049
6.911230388000001,1023,2048,2048,2049
6.937201416000001,1023,2048,2048,2049
6.957290691000001,1023,2048,2048,2049
6.977746811,1023,2048,2048,2049
6.997561194,1023,2048,2048,2049
7.017782088000001,1023,2048,2048,2049
7.0385435240000005,1023,2048,2048,2049
7.05891334,1023,2048,2048,2049
7.079271477000001,1023,2048,2048,2049
7.100262395000001,1023,2048,2048,2049
7.122348898,1023,2048,2048,2049
7.145047526000001,1023,2048,2048,2049
7.165872641000001,1023,2048,2048,2049
7.187710201000001,1023,2048,2048,2049
7.199179353000001,1023,2048,2048,2049
7.2193510750000005,1023,2048,2048,2049
7.240255315000001,1023,2048,2048,2049
7.261102633,1023,2048,2048,2049
7.273188772,1023,2048,2048,2049
7.294643899,1023,2048,2048,2049
7.3077587500000005,1023,2048,2048,2049
7.347463906000001,1023,2048,2048,2049
7.369128998000001,1023,2048,2048,2049
7.390584875,1023,2048,2048,2049
7.410570943000001,1023,2048,2048,2049
7.430249799,1023,2048,2048,2049
7.4500352770000005,1023,2048,2048,2049
7.462156704000001,1023,2048,2048,2049
7.482216674000001,1023,2048,2048,2049
7.504231849000001,1023,2048,2048,2049
7.520624699000001,1023,2048,2048,2049
7.558383022,1023,2048,2048,2049
7.5702282940000005,1023,2048,2048,2049
7.60018319,1023,2048,2048,2049
7.62610628,1023,2048,2048,2049
7.646525356000001,1023,2048,2048,2049
7.667441557,1023,2048,2048,2049
7.678768871000001,1023,2048,2048,2049
7.690182030000001,1023,2048,2048,2049
7.711570015,1023,2048,2048,2049
7.732461789,1023,2048,2048,2049
7.753151753000001,1023,2048,2048,2049
7.773770499,1023,2048,2048,2049
7.793469313,1023,2048,2048,2049
7.804811196,1023,2048,2048,2049
7.826470403,1023,2048,2048,2049
7.8464764250000005,1023,2048,2048,2049
7.867417905000001,1023,2048,2048,2049
7.887484823,1023,2048,2048,2049
7.907048378000001,1023,2048,2048,2049
7.926770545,1023,2048,2048,2049
7.947023582000001,1023,2048,2048,2049
7.978855795,1023,2048,2048,2049
8.011947361,1023,2048,2048,2049
8.023456058,1023,2048,2048,2049
8.043329898,1023,2048,2048,2049
8.063430674000001,1023,2048,2048,2049
8.082910164000001,1023,2048,2048,2049
8.103014053,1023,2048,2048,2049
8.123925728,1023,2048,2048,2049
8.149015601,1023,2048,2048,2049
8.161185693,1023,2048,2048,2049
8.181406539000001,1023,2048,2048,2049
8.201494910000001,1023,2048,2048,2049
8.213164764,1023,2048,2048,2049
8.232973995,1023,2048,2048,2049
8.252767926,1023,2048,2048,2049
8.272329635,1023,2048,2048,2049
8.292342949,1023,2048,2048,2049
8.312868696,1023,2048,2048,2049
8.324117331,1023,2048,2048,2049
8.3442222,1023,2048,2048,2049
8.364285379,1023,2048,2048,2049
8.384414346,1023,2048,2048,2049
8.404948273,1023,2048,2048,2049
8.42548309,1023,2048,2048,2049
8.438020811000001,1023,2048,2048,2049
8.461047464,1023,2048,2048,2049
8.474030748,1023,2048,2048,2049
8.49416515,1023,2048,2048,2049
8.520954779,1023,2048,2048,2049
8.541945323,1023,2048,2048,2049
8.56282915,1023,2048,2048,2049
8.583744973,1023,2048,2048,2049
8.605551607,1023,2048,2048,2049
8.627422947000001,1023,2048,2048,2049
8.644243280000001,1023,2048,2048,2049
8.661965766,1023,2048,2048,2049
8.686092363,1023,2048,2048,2049
8.720100322,1023,2048,2048,2049
8.738222229,1023,2048,2048,2049
8.751121038,1023,2048,2048,2049
8.773271531,1023,2048,2048,2049
8.793036398,1023,2048,2048,2049
8.824783405,1023,2048,2048,2049
8.838963459,1023,2048,2048,2049
8.864796116,1023,2048,2048,2049
8.885575532,1023,2048,2048,2049
8.906354508,1023,2048,2048,2049
8.927333155000001,1023,2048,2048,2049
8.949135689,1023,2048,2048,2049
8.970982964000001,1023,2048,2048,2049
8.993027773000001,1023,2048,2048,2049
9.014918082000001,1023,2048,2048,2049
9.036482395,1023,2048,2048,2049
9.058165997,1023,2048,2048,2049
9.070315999,1023,2048,2048,2049
9.082549792,1023,2048,2048,2049
9.104315015000001,1023,2048,2048,2049
9.125757191,1023,2048,2048,2049
9.147420084,1023,2048,2048,2049
9.168880819,1023,2048,2048,2049
9.19116692,1023,2048,2048,2049
9.213515237000001,1023,2048,2048,2049
9.226708994,1023,2048,2048,2049
9.248879011000001,1023,2048,2048,2049
9.268869079,1023,2048,2048,2049
9.290091745,1023,2048,2048,2049
9.311308011000001,1023,2048,2048,2049
9.332228795,1023,2048,2048,2049
9.352201584000001,1023,2048,2048,2049
9.372280940000001,1023,2048,2048,2049
9.392661286000001,1023,2048,2048,2049
9.412986005,1023,2048,2048,2049
9.434381558,1023,2048,2048,2049
9.458341564000001,1023,2048,2048,2049
9.483281196,1023,2048,2048,2049
9.515150389,1023,2048,2048,2049
9.550667941,1023,2048,2048,2049
9.565527826,1023,2048,2048,2049
9.589137342,1023,2048,2048,2049
9.60613625,1023,2048,2048,2049
9.6172672,1023,2048,2048,2049
9.636539369000001,1023,2048,2048,2049
9.657096136,1023,2048,2048,2049
9.677120268000001,1023,2048,2048,2049
9.701509491000001,1023,2048,2048,2049
9.720902903,1023,2048,2048,2049
9.740760553000001,1023,2048,2048,2049
9.752125737,1023,2048,2048,2049
9.772380787000001,1023,2048,2048,2049
9.792863757000001,1023,2048,2048,2049
9.814058189,1023,2048,2048,2049
9.834363932,1023,2048,2048,2049
9.854163753,1023,2048,2048,2049
9.873788284,1023,2048,2048,2049
9.893184608,1023,2048,2048,2049
9.914041947000001,1023,2048,2048,2049
9.934085517,1023,2048,2048,2049
9.953938593,1023,2048,2048,2049
9.973805912000001,1023,2048,2048,2049
9.984857694,1023,2048,2048,2049
10.004692021,1023,2048,2048,2049
10.024827964,1023,2048,2048,2049
10.045120065,1023,2048,2048,2049
10.065735857,1023,2048,2048,2049
10.087403804000001,1023,2048,2048,2049
10.109691928,1023,2048,2048,2049
10.130786037,1023,2048,2048,2049
10.144119802,1023,2048,2048,2049
10.185108917,1023,2048,2048,2049
10.197151381000001,1023,2048,2048,2049
10.21860062,1023,2048,2048,2049
10.241179065,1023,2048,2048,2049
10.272350277000001,1023,2048,2048,2049
10.283556608000001,1023,2048,2048,2049
10.304281739,1023,2048,2048,2049
10.316492907,1023,2048,2048,2049
10.339477875,1023,2048,2048,2049
10.366076264,1023,2048,2048,2049
10.397105153,1023,2048,2048,2049
10.422553367,1023,2048,2048,2049
10.446669824,1023,2048,2048,2049
10.468518963000001,1023,2048,2048,2049
10.4981744,1023,2048,2048,2049
10.511468682,1023,2048,2048,2049
10.536588570000001,1023,2048,2048,2049
10.558709414,1023,2048,2048,2049
10.5713892,1023,2048,2048,2049
10.593443237,1023,2048,2048,2049
10.614768466000001,1023,2048,2048,2049
10.627092057,1023,2048,2048,2049
10.64801545,1023,2048,2048,2049
10.668830166000001,1023,2048,2048,2049
10.689451012000001,1023,2048,2048,2049
10.710243378000001,1023,2048,2048,2049
10.731440240000001,1023,2048,2048,2049
10.752285826000001,1023,2048,2048,2049
10.772554387000001,1023,2048,2048,2049
10.793222875000001,1023,2048,2048,2049
10.813976545000001,1023,2048,2048,2049
10.834421495,1023,2048,2048,2049
10.855006448000001,1023,2048,2048,2049
10.866049544000001,1023,2048,2048,2049
10.885644829,1023,2048,2048,2049
10.905560366000001,1023,2048,2048,2049
10.925575888000001,1023,2048,2048,2049
10.946632556,1023,2048,2048,2049
10.967334232,1023,2048,2048,2049
10.988000209,1023,2048,2048,2049
10.99967501,1023,2048,2048,2049
11.022924607,1023,2048,2048,2049
11.043326155,1023,2048,2048,2049
11.054962495,1023,2048,2048,2049
11.076162252000001,1023,2048,2048,2049
11.100196393000001,1023,2048,2048,2049
11.121100129,1023,2048,2048,2049
11.141675891,1023,2048,2048,2049
11.16326156,1023,2048,2048,2049
11.185398695,1023,2048,2048,2049
11.211112377000001,1023,2048,2048,2049
11.232541554,1023,2048,2048,2049
11.254157779000002,1023,2048,2048,2049
11.274079379000002,1023,2048,2048,2049
11.295051858,1023,2048,2048,2049
11.315708305000001,1023,2048,2048,2049
11.336362409000001,1023,2048,2048,2049
11.356865603000001,1023,2048,2048,2049
11.377643998,1023,2048,2048,2049
11.398460962000001,1023,2048,2048,2049
11.419646228000001,1023,2048,2048,2049
11.440186471,1023,2048,2048,2049
11.46052873,1023,2048,2048,2049
11.481422103,1023,2048,2048,2049
11.50271354,1023,2048,2048,2049
11.515223834,1023,2048,2048,2049
11.538580726000001,1023,2048,2048,2049
11.551180628000001,1023,2048,2048,2049
11.572998748,1023,2048,2048,2049
11.595209433,1023,2048,2048,2049
11.618409322000002,1023,2048,2048,2049
11.639934830000001,1023,2048,2048,2049
11.662031774,1023,2048,2048,2049
11.684207205,1023,2048,2048,2049
11.706829735000001,1023,2048,2048,2049
11.741957819000001,1023,2048,2048,2049
11.764638529,1023,2048,2048,2049
11.786496345000002,1023,2048,2048,2049
11.824509735000001,1023,2048,2048,2049
11.839582546,1023,2048,2048,2049
11.850498127000002,1023,2048,2048,2049
11.870646247000002,1023,2048,2048,2049
11.890833101,1023,2048,2048,2049
11.913515301,1023,2048,2048,2049
11.933938553,1023,2048,2048,2049
11.954846501,1023,2048,2048,2049
11.975879704,1023,2048,2048,2049
11.998130999,1023,2048,2048,2049
12.018876929000001,1023,2048,2048,2049
12.040598565000002,1023,2048,2048,2049
12.062136777000001,1023,2048,2048,2049
12.083668348000002,1023,2048,2048,2049
12.105465257,1023,2048,2048,2049
12.128101664,1023,2048,2048,2049
12.150571884000001,1023,2048,2048,2049
12.17022002,1023,2048,2048,2049
12.191109324000001,1023,2048,2048,2049
12.219679764,1023,2048,2048,2049
12.242534791,1023,2048,2048,2049
12.263936098,1023,2048,2048,2049
12.285582294000001,1023,2048,2048,2049
12.316368027000001,1023,2048,2048,2049
12.331764352,1023,2048,2048,2049
12.344677426,1023,2048,2048,2049
12.374459907,1023,2048,2048,2049
12.406871599,1023,2048,2048,2049
12.420481226000001,1023,2048,2048,2049
12.451906038,1023,2048,2048,2049
12.474177979,1023,2048,2048,2049
12.504251614000001,1023,2048,2048,2049
12.528233275000002,1023,2048,2048,2049
12.546118137,1023,2048,2048,2049
12.566391619000001,1023,2048,2048,2049
12.589052795,1023,2048,2048,2049
12.601820953,1023,2048,2048,2049
12.616594266000002,1023,2048,2048,2049
12.637693404,1023,2048,2048,2049
12.658017555,1023,2048,2048,2049
12.671344799000002,1023,2048,2048,2049
12.691014064,1023,2048,2048,2049
12.702223065,1023,2048,2048,2049
12.723225943000001,1023,2048,2048,2049
12.751270662000001,1023,2048,2048,2049
12.785611436,1023,2048,2048,2049
12.805593727000002,1023,2048,2048,2049
12.825830728000001,1023,2048,2048,2049
12.846815221,1023,2048,2048,2049
12.867708282,1023,2048,2048,2049
12.892396384000001,1023,2048,2048,2049
12.914331861,1023,2048,2048,2049
12.934797620000001,1023,2048,2048,2049
12.945646218,1023,2048,2048,2049
12.965522124000001,1023,2048,2048,2049
12.985886817,1023,2048,2048,2049
13.006467332000001,1023,2048,2048,2049
13.027394315,1023,2048,2048,2049
13.038805085000002,1023,2048,2048,2049
13.059381276000002,1023,2048,2048,2049
13.071154825,1023,2048,2048,2049
13.091739147,1023,2048,2048,2049
13.112818128,1023,2048,2048,2049
13.133368745,1023,2048,2048,2049
13.154579829000001,1023,2048,2048,2049
13.175249746,1023,2048,2048,2049
13.196275826,1023,2048,2048,2049
13.209139688,1023,2048,2048,2049
13.225690425000002,1023,2048,2048,2049
13.257300187,1023,2048,2048,2049
13.288218759000001,1023,2048,2048,2049
13.309312544,1023,2048,2048,2049
13.329954785,1023,2048,2048,2049
13.350790551000001,1023,2048,2048,2049
13.371739996,1023,2048,2048,2049
13.392759135,1023,2048,2048,2049
13.413803721,1023,2048,2048,2049
13.425420228,1023,2048,2048,2049
13.445962555000001,1023,2048,2048,2049
13.467131317000002,1023,2048,2048,2049
13.488296434,1023,2048,2048,2049
13.51082335,1023,2048,2048,2049
13.531896163,1023,2048,2048,2049
13.543633335,1023,2048,2048,2049
13.564253646000001,1023,2048,2048,2049
13.584353456,1023,2048,2048,2049
13.604512155,1023,2048,2048,2049
13.624905712,1023,2048,2048,2049
13.645615464,1023,2048,2048,2049
13.667307153000001,1023,2048,2048,2049
13.680057754000002,1023,2048,2048,2049
13.700845999,1023,2048,2048,2049
13.721865604000001,1023,2048,2048,2049
13.742974877,1023,2048,2048,2049
13.754909364000001,1023,2048,2048,2049
13.787240952000001,1023,2048,2048,2049
13.809238122,1023,2048,2048,2049
13.828750668000001,1023,2048,2048,2049
13.840171618000001,1023,2048,2048,2049
13.86119472,1023,2048,2048,2049
13.881781685,1023,2048,2048,2049
13.90314534,1023,2048,2048,2049
13.924161207000001,1023,2048,2048,2049
13.944313471000001,1023,2048,2048,2049
13.964340486000001,1023,2048,2048,2049
13.985205393000001,1023,2048,2048,2049
14.005252797,1023,2048,2048,2049
14.026253391000001,1023,2048,2048,2049
14.047302066,1023,2048,2048,2049
14.067947667,1023,2048,2048,2049
14.088875034,1023,2048,2048,2049
14.109671168,1023,2048,2048,2049
14.130336075,1023,2048,2048,2049
14.150469823000002,1023,2048,2048,2049
14.17126954,1023,2048,2048,2049
14.191805480000001,1023,2048,2048,2049
14.212443967,1023,2048,2048,2049
14.233263398,1023,2048,2048,2049
14.245498235000001,1023,2048,2048,2049
14.274943171,1023,2048,2048,2049
14.296043224000002,1023,2048,2048,2049
14.307739724000001,1023,2048,2048,2049
14.329165691,1023,2048,2048,2049
14.349480368,1023,2048,2048,2049
14.369883098,1023,2048,2048,2049
14.390578407000001,1023,2048,2048,2049
14.402201066000002,1023,2048,2048,2049
14.423465672,1023,2048,2048,2049
14.444236093,1023,2048,2048,2049
14.464773838000001,1023,2048,2048,2049
14.485709806000001,1023,2048,2048,2049
14.506403313000002,1023,2048,2048,2049
14.526776398,1023,2048,2048,2049
14.547069168,1023,2048,2048,2049
14.567533821000001,1023,2048,2048,2049
14.587851622,1023,2048,2048,2049
14.608286515000001,1023,2048,2048,2049
14.629218361000001,1023,2048,2048,2049
14.65004086,1023,2048,2048,2049
14.671084548000001,1023,2048,2048,2049
14.691869115000001,1023,2048,2048,2049
14.712843958,1023,2048,2048,2049
14.724359315000001,1023,2048,2048,2049
14.746927702,1023,2048,2048,2049
14.767202441,1023,2048,2048,2049
14.787557604000002,1023,2048,2048,2049
14.807851967000001,1023,2048,2048,2049
14.829174143000001,1023,2048,2048,2049
14.85560423,1023,2048,2048,2049
14.870248748000002,1023,2048,2048,2049
14.900775812000001,1023,2048,2048,2049
14.931556120000002,1023,2048,2048,2049
14.945892881,1023,2048,2048,2049
14.974753704000001,1023,2048,2048,2049
14.995880473000001,1023,2048,2048,2049
15.017247203,1023,2048,2048,2049
15.038453075000001,1023,2048,2048,2049
15.059127632000001,1023,2048,2048,2049
15.079716105000001,1023,2048,2048,2049
15.101273075000002,1023,2048,2048,2049
15.123158995,1023,2048,2048,2049
15.135435690000001,1023,2048,2048,2049
15.167516564000001,1023,2048,2048,2049
15.179420775,1023,2048,2048,2049
15.200432338,1023,2048,2048,2049
15.220890515,1023,2048,2048,2049
15.241229975000001,1023,2048,2048,2049
15.261446492000001,1023,2048,2048,2049
15.282503543,1023,2048,2048,2049
15.303343718,1023,2048,2048,2049
15.324862221000002,1023,2048,2048,2049
15.346015127000001,1023,2048,2048,2049
15.36654041,1023,2048,2048,2049
15.37788826,1023,2048,2048,2049
15.398148613000002,1023,2048,2048,2049
15.418841547000001,1023,2048,2048,2049
15.430365209000001,1023,2048,2048,2049
15.45181265,1023,2048,2048,2049
15.463362595000001,1023,2048,2048,2049
15.483911431000001,1023,2048,2048,2049
15.504143843000001,1023,2048,2048,2049
15.527525578,1023,2048,2048,2049
15.549193787,1023,2048,2048,2049
15.570816543000001,1023,2048,2048,2049
15.591924765000002,1023,2048,2048,2049
15.613379792000002,1023,2048,2048,2049
15.633525346,1023,2048,2048,2049
15.654677581000001,1023,2048,2048,2049
15.676650273000002,1023,2048,2048,2049
15.690305289000001,1023,2048,2048,2049
15.723319159,1023,2048,2048,2049
15.744583874000002,1023,2048,2048,2049
15.756374481000002,1023,2048,2048,2049
15.777674392000002,1023,2048,2048,2049
15.799074881000001,1023,2048,2048,2049
15.820619668,1023,2048,2048,2049
15.841903351000001,1023,2048,2048,2049
15.862938815000001,1023,2048,2048,2049
15.883611118000001,1023,2048,2048,2049
15.904522471000002,1023,2048,2048,2049
15.925913233000001,1023,2048,2048,2049
15.948148798000002,1023,2048,2048,2049
15.969563287000001,1023,2048,2048,2049
15.990352970000002,1023,2048,2048,2049
16.011050769,1023,2048,2048,2049
16.032567532,1023,2048,2048,2049
16.054511244,1023,2048,2048,2049
16.07606449,1023,2048,2048,2049
16.098679084,1023,2048,2048,2049
16.130601467,1023,2048,2048,2049
16.152854932,1023,2048,2048,2049
16.165090199,1023,2048,2048,2049
16.187077292,1023,2048,2048,2049
16.209218621,1023,2048,2048,2049
16.230981707,1023,2048,2048,2049
16.252575506,1023,2048,2048,2049
16.273969739,1023,2048,2048,2049
16.295411576,1023,2048,2048,2049
16.320998174,1023,2048,2048,2049
16.343090247000003,1023,2048,2048,2049
16.364333909000003,1023,2048,2048,2049
16.386080562,1023,2048,2048,2049
16.408300889,1023,2048,2048,2049
16.433532554000003,1023,2048,2048,2049
16.445643555,1023,2048,2048,2049
16.467293262000002,1023,2048,2048,2049
16.490668894000002,1023,2048,2048,2049
16.520764284000002,1023,2048,2048,2049
16.534154348,1023,2048,2048,2049
16.566137251,1023,2048,2048,2049
16.581882528,1023,2048,2048,2049
16.619409313000002,1023,2048,2048,2049
16.642817159,1023,2048,2048,2049
16.664226035000002,1023,2048,2048,2049
16.676918326000003,1023,2048,2048,2049
16.699137518,1023,2048,2048,2049
16.722536187,1023,2048,2048,2049
16.744631244,1023,2048,2048,2049
16.769193834,1023,2048,2048,2049
16.781419795,1023,2048,2048,2049
16.804445243,1023,2048,2048,2049
16.826357434000002,1023,2048,2048,2049
16.849853056,1023,2048,2048,2049
16.876987261,1023,2048,2048,2049
16.896064828,1023,2048,2048,2049
16.926660512,1023,2048,2048,2049
16.945680712,1023,2048,2048,2049
16.966877890000003,1023,2048,2048,2049
16.988450294,1023,2048,2048,2049
17.010506248000002,1023,2048,2048,2049
17.037576353000002,1023,2048,2048,2049
17.054006363000003,1023,2048,2048,2049
17.075646104,1023,2048,2048,2049
17.101904918000002,1023,2048,2048,2049
17.124306334,1023,2048,2048,2049
17.146087497,1023,2048,2048,2049
17.170340431,1023,2048,2048,2049
17.191685835,1023,2048,2048,2049
17.213638624,1023,2048,2048,2049
17.235127537,1023,2048,2048,2049
17.2563205,1023,2048,2048,2049
17.268829558,1023,2048,2048,2049
17.281456846,1023,2048,2048,2049
17.305983055000002,1023,2048,2048,2049
17.326172389,1023,2048,2048,2049
17.346905743,1023,2048,2048,2049
17.366969135,1023,2048,2048,2049
17.378194702000002,1023,2048,2048,2049
17.399223900000003,1023,2048,2048,2049
17.410959472000002,1023,2048,2048,2049
17.431314348,1023,2048,2048,2049
17.4522005,1023,2048,2048,2049
17.473641004,1023,2048,2048,2049
17.486329258,1023,2048,2048,2049
17.502818286,1023,2048,2048,2049
17.531757696,1023,2048,2048,2049
17.55323576,1023,2048,2048,2049
17.565145563,1023,2048,2048,2049
17.586930617,1023,2048,2048,2049
17.598568023000002,1023,2048,2048,2049
17.620567497,1023,2048,2048,2049
17.64143018,1023,2048,2048,2049
17.66737269,1023,2048,2048,2049
17.69962882,1023,2048,2048,2049
17.728415123,1023,2048,2048,2049
17.741035075000003,1023,2048,2048,2049
17.759970099,1023,2048,2048,2049
17.781384315,1023,2048,2048,2049
17.792449093000002,1023,2048,2048,2049
17.812307297,1023,2048,2048,2049
17.824277699,1023,2048,2048,2049
17.858882519,1023,2048,2048,2049
17.870504671000003,1023,2048,2048,2049
17.889788803000002,1023,2048,2048,2049
17.909219482,1023,2048,2048,2049
17.928628508000003,1023,2048,2048,2049
17.949079732,1023,2048,2048,2049
17.968991938000002,1023,2048,2048,2049
17.988964527,1023,2048,2048,2049
18.009131178,1023,2048,2048,2049
18.03058172,1023,2048,2048,2049
18.051203494000003,1023,2048,2048,2049
18.071545328000003,1023,2048,2048,2049
18.091912414,1023,2048,2048,2049
18.113172663,1023,2048,2048,2049
18.137578234,1023,2048,2048,2049
18.158863779,1023,2048,2048,2049
18.183702952,1023,2048,2048,2049
18.206410118,1023,2048,2048,2049
18.225520738,1023,2048,2048,2049
18.245170262000002,1023,2048,2048,2049
18.265103943,1023,2048,2048,2049
18.277772892,1023,2048,2048,2049
18.308126134000002,1023,2048,2048,2049
18.329046745,1023,2048,2048,2049
18.359781092000002,1023,2048,2048,2049
18.380199639,1023,2048,2048,2049
18.400745905,1023,2048,2048,2049
18.421687326,1023,2048,2048,2049
18.442141788,1023,2048,2048,2049
18.463637343000002,1023,2048,2048,2049
18.475827202,1023,2048,2048,2049
18.498125416,1023,2048,2048,2049
18.519855869,1023,2048,2048,2049
18.531488464000002,1023,2048,2048,2049
18.552315402,1023,2048,2048,2049
18.573198786000003,1023,2048,2048,2049
18.593594271,1023,2048,2048,2049
18.613842676,1023,2048,2048,2049
18.634081096000003,1023,2048,2048,2049
18.654437437000002,1023,2048,2048,2049
18.675113958,1023,2048,2048,2049
18.695738221000003,1023,2048,2048,2049
18.716478795,1023,2048,2048,2049
18.737205075000002,1023,2048,2048,2049
18.757721797000002,1023,2048,2048,2049
18.778226205000003,1023,2048,2048,2049
18.799327298,1023,2048,2048,2049
18.819943148,1023,2048,2048,2049
18.840960056,1023,2048,2048,2049
18.852606548,1023,2048,2048,2049
18.874002012000002,1023,2048,2048,2049
18.894859349,1023,2048,2048,2049
18.915535739000003,1023,2048,2048,2049
18.927577015,1023,2048,2048,2049
18.948699693000002,1023,2048,2048,2049
18.968811002000002,1023,2048,2048,2049
18.989664182000002,1023,2048,2048,2049
19.01416096,1023,2048,2048,2049
19.03488931,1023,2048,2048,2049
19.055777619,1023,2048,2048,2049
19.07648155,1023,2048,2048,2049
19.097209300000003,1023,2048,2048,2049
19.118259733000002,1023,2048,2048,2049
19.13912634,1023,2048,2048,2049
19.160322248,1023,2048,2048,2049
19.182682024,1023,2048,2048,2049
19.20420319,1023,2048,2048,2049
19.225029451,1023,2048,2048,2049
19.246023612000002,1023,2048,2048,2049
19.266784176,1023,2048,2048,2049
19.28816107,1023,2048,2048,2049
19.312450205,1023,2048,2048,2049
19.333612514000002,1023,2048,2048,2049
19.356440608,1023,2048,2048,2049
19.377200431000002,1023,2048,2048,2049
19.395041985000002,1023,2048,2048,2049
19.428322646,1023,2048,2048,2049
19.449625712,1023,2048,2048,2049
19.4815329,1023,2048,2048,2049
19.518278900000002,1023,2048,2048,2049
19.529444924,1023,2048,2048,2049
19.540908252,1023,2048,2048,2049
19.552015637,1023,2048,2048,2049
19.573082552000002,1023,2048,2048,2049
19.591179672000003,1023,2048,2048,2049
19.612899560000002,1023,2048,2048,2049
19.626744139,1023,2048,2048,2049
19.645747521,1023,2048,2048,2049
19.668666653000002,1023,2048,2048,2049
19.681489331,1023,2048,2048,2049
19.701851458,1023,2048,2048,2049
19.723224587,1023,2048,2048,2049
19.745838254000002,1023,2048,2048,2049
19.768910271000003,1023,2048,2048,2049
19.784205546000003,1023,2048,2048,2049
19.811380093,1023,2048,2048,2049
19.833189479,1023,2048,2048,2049
19.853027582000003,1023,2048,2048,2049
19.874023049,1023,2048,2048,2049
19.894783649,1023,2048,2048,2049
19.916077164,1023,2048,2048,2049
19.938226474,1023,2048,2048,2049
19.958736469,1023,2048,2048,2049
19.978695512,1023,2048,2048,2049
19.999221063,1023,2048,2048,2049
20.020295395,1023,2048,2048,2049
20.041367678,1023,2048,2048,2049
20.053439553,1023,2048,2048,2049
20.074592746,1023,2048,2048,2049
20.107357828,1023,2048,2048,2049
20.129793988000003,1023,2048,2048,2049
20.151056285000003,1023,2048,2048,2049
20.172124243000003,1023,2048,2048,2049
20.192495302,1023,2048,2048,2049
20.21320572,1023,2048,2048,2049
20.234334028000003,1023,2048,2048,2049
20.260273562000002,1023,2048,2048,2049
20.282077562,1023,2048,2048,2049
20.302913309,1023,2048,2048,2049
20.324322774000002,1023,2048,2048,2049
20.350741331000002,1023,2048,2048,2049
20.37692368,1023,2048,2048,2049
20.396913652000002,1023,2048,2048,2049
20.415803698,1023,2048,2048,2049
20.433271586,1023,2048,2048,2049
20.448058463000002,1023,2048,2048,2049
20.468844422,1023,2048,2048,2049
20.489169111000002,1023,2048,2048,2049
20.509969683,1023,2048,2048,2049
20.530637036,1023,2048,2048,2049
20.550927391000002,1023,2048,2048,2049
20.571228373,1023,2048,2048,2049
20.591170239,1023,2048,2048,2049
20.611177432,1023,2048,2048,2049
20.631919800000002,1023,2048,2048,2049
20.645410621,1023,2048,2048,2049
20.666200545000002,1023,2048,2048,2049
20.687967383,1023,2048,2048,2049
20.712819494,1023,2048,2048,2049
20.739273306,1023,2048,2048,2049
20.761138629,1023,2048,2048,2049
20.779604821000003,1023,2048,2048,2049
20.808179251000002,1023,2048,2048,2049
20.831152104,1023,2048,2048,2049
20.852510927,1023,2048,2048,2049
20.867510081000002,1023,2048,2048,2049
20.888371331000002,1023,2048,2048,2049
20.908832506,1023,2048,2048,2049
20.929818868,1023,2048,2048,2049
20.961095227,1023,2048,2048,2049
20.97428667,1023,2048,2048,2049
21.005820484,1023,2048,2048,2049
21.026548496,1023,2048,2048,2049
21.047344305000003,1023,2048,2048,2049
21.069215952,1023,2048,2048,2049
21.088854439000002,1023,2048,2048,2049
21.109306304,1023,2048,2048,2049
21.130118822,1023,2048,2048,2049
21.150706988,1023,2048,2048,2049
21.176523439,1023,2048,2048,2049
21.196338054,1023,2048,2048,2049
21.216271463,1023,2048,2048,2049
21.227753355,1023,2048,2048,2049
21.247471972,1023,2048,2048,2049
21.268107841000003,1023,2048,2048,2049
21.288279669,1023,2048,2048,2049
21.309974968000002,1023,2048,2048,2049
21.329413397,1023,2048,2048,2049
21.351049048,1023,2048,2048,2049
21.362977880000003,1023,2048,2048,2049
21.375153528000002,1023,2048,2048,2049
21.396949895000002,1023,2048,2048,2049
21.420998353,1023,2048,2048,2049
21.442143795,1023,2048,2048,2049
21.463219165,1023,2048,2048,2049
21.483890011,1023,2048,2048,2049
21.504846648,1023,2048,2048,2049
21.525994836000002,1023,2048,2048,2049
21.537808744000003,1023,2048,2048,2049
21.556153008000003,1023,2048,2048,2049
21.586988632,1023,2048,2048,2049
21.598902701,1023,2048,2048,2049
21.630648048,1023,2048,2048,2049
21.654264705000003,1023,2048,2048,2049
21.678989327,1023,2048,2048,2049
21.699542227000002,1023,2048,2048,2049
21.721507592000002,1023,2048,2048,2049
21.743391891,1023,2048,2048,2049
21.765871661000002,1023,2048,2048,2049
21.788355984000003,1023,2048,2048,2049
21.810669268,1023,2048,2048,2049
21.832442744,1023,2048,2048,2049
21.854399332,1023,2048,2048,2049
21.868884346,1023,2048,2048,2049
21.886670232,1023,2048,2048,2049
21.90644568,1023,2048,2048,2049
21.926362797000003,1023,2048,2048,2049
21.946412950000003,1023,2048,2048,2049
21.967211161,1023,2048,2048,2049
21.987728443,1023,2048,2048,2049
22.007981524,1023,2048,2048,2049
22.021124163,1023,2048,2048,2049
22.04770291,1023,2048,2048,2049
22.079953896000003,1023,2048,2048,2049
22.092750742,1023,2048,2048,2049
22.115129829,1023,2048,2048,2049
22.13767414,1023,2048,2048,2049
22.160112920000003,1023,2048,2048,2049
22.182543575,1023,2048,2048,2049
22.205273934,1023,2048,2048,2049
22.227332672000003,1023,2048,2048,2049
22.249241100000003,1023,2048,2048,2049
22.270852603,1023,2048,2048,2049
22.292651261000003,1023,2048,2048,2049
22.314399424,1023,2048,2048,2049
22.336039124000003,1023,2048,2048,2049
22.357901130000002,1023,2048,2048,2049
22.379923943,1023,2048,2048,2049
22.394380233,1023,2048,2048,2049
22.410468363,1023,2048,2048,2049
22.432125176000003,1023,2048,2048,2049
22.453491708,1023,2048,2048,2049
22.475173952000002,1023,2048,2048,2049
22.487652842000003,1023,2048,2048,2049
22.513838047,1023,2048,2048,2049
22.535995687,1023,2048,2048,2049
22.558217392000003,1023,2048,2048,2049
22.570371837,1023,2048,2048,2049
22.592003465,1023,2048,2048,2049
22.614712325000003,1023,2048,2048,2049
22.643086512,1023,2048,2048,2049
22.669189171000003,1023,2048,2048,2049
22.692962832000003,1023,2048,2048,2049
22.70703917,1023,2048,2048,2049
22.720156643000003,1023,2048,2048,2049
22.752633882,1023,2048,2048,2049
22.777467247,1023,2048,2048,2049
22.797815129,1023,2048,2048,2049
22.819251618000003,1023,2048,2048,2049
22.840049647,1023,2048,2048,2049
22.860961298000003,1023,2048,2048,2049
22.881919198000002,1023,2048,2048,2049
22.907164423,1023,2048,2048,2049
22.921748058000002,1023,2048,2048,2049
22.937292673,1023,2048,2048,2049
22.961830192,1023,2048,2048,2049
22.981670889,1023,2048,2048,2049
23.004319345000003,1023,2048,2048,2049
23.025644204000002,1023,2048,2048,2049
23.042293970000003,1023,2048,2048,2049
23.060759168,1023,2048,2048,2049
23.083392426000003,1023,2048,2048,2049
23.112810445,1023,2048,2048,2049
23.138189988,1023,2048,2048,2049
23.150783497000003,1023,2048,2048,2049
23.172887501,1023,2048,2048,2049
23.195366025000002,1023,2048,2048,2049
23.217808355000003,1023,2048,2048,2049
23.240294464,1023,2048,2048,2049
23.253188711,1023,2048,2048,2049
23.275083435000003,1023,2048,2048,2049
23.286946475,1023,2048,2048,2049
23.299056718000003,1023,2048,2048,2049
23.311403429000002,1023,2048,2048,2049
23.334060303,1023,2048,2048,2049
23.356604309,1023,2048,2048,2049
23.378319629,1023,2048,2048,2049
23.400918123,1023,2048,2048,2049
23.419054441,1023,2048,2048,2049
23.443192093,1023,2048,2048,2049
23.471037448,1023,2048,2048,2049
23.494021106,1023,2048,2048,2049
23.515899463,1023,2048,2048,2049
23.528097149,1023,2048,2048,2049
23.552060443000002,1023,2048,2048,2049
23.575178515,1023,2048,2048,2049
23.597076599,1023,2048,2048,2049
23.609582831,1023,2048,2048,2049
23.631202365,1023,2048,2048,2049
23.653303060000002,1023,2048,2048,2049
23.675209246,1023,2048,2048,2049
23.698215967000003,1023,2048,2048,2049
23.720889017,1023,2048,2048,2049
23.755260890000002,1023,2048,2048,2049
23.769708604,1023,2048,2048,2049
23.787796416000003,1023,2048,2048,2049
23.81080605,1023,2048,2048,2049
23.825255457,1023,2048,2048,2049
23.843900699000002,1023,2048,2048,2049
23.87620962,1023,2048,2048,2049
23.906267657,1023,2048,2048,2049
23.939818864000003,1023,2048,2048,2049
23.977956104,1023,2048,2048,2049
23.999231419,1023,2048,2048,2049
24.019685993000003,1023,2048,2048,2049
24.031752049,1023,2048,2048,2049
24.044052074000003,1023,2048,2048,2049
24.065695153,1023,2048,2048,2049
24.078313299,1023,2048,2048,2049
24.099902207000003,1023,2048,2048,2049
24.12168777,1023,2048,2048,2049
24.143290061000002,1023,2048,2048,2049
24.165035526,1023,2048,2048,2049
24.187200314000002,1023,2048,2048,2049
24.209115127,1023,2048,2048,2049
24.23009654,1023,2048,2048,2049
24.250995463000002,1023,2048,2048,2049
24.27189924,1023,2048,2048,2049
24.292760856,1023,2048,2048,2049
24.314750112000002,1023,2048,2048,2049
24.336595745,1023,2048,2048,2049
24.358876152,1023,2048,2048,2049
24.381292122,1023,2048,2048,2049
24.409635684,1023,2048,2048,2049
24.421541910000002,1023,2048,2048,2049
24.443714651,1023,2048,2048,2049
24.467870128,1023,2048,2048,2049
24.490074228,1023,2048,2048,2049
24.512391971000003,1023,2048,2048,2049
24.534357706,1023,2048,2048,2049
24.556395578,1023,2048,2048,2049
24.578256206000002,1023,2048,2048,2049
24.600163331,1023,2048,2048,2049
24.61413251,1023,2048,2048,2049
24.656089535000003,1023,2048,2048,2049
24.680200822000003,1023,2048,2048,2049
24.701413864000003,1023,2048,2048,2049
24.722403026000002,1023,2048,2048,2049
24.734387764,1023,2048,2048,2049
24.755103839,1023,2048,2048,2049
24.766849960000002,1023,2048,2048,2049
24.778526329,1023,2048,2048,2049
24.800305297,1023,2048,2048,2049
24.822804549,1023,2048,2048,2049
24.844689727000002,1023,2048,2048,2049
24.856900563,1023,2048,2048,2049
24.898401353,1023,2048,2048,2049
24.913870031000002,1023,2048,2048,2049
24.944953,1023,2048,2048,2049
24.961862623000002,1023,2048,2048,2049
24.995723231000003,1023,2048,2048,2049
25.029960783,1023,2048,2048,2049
25.063226871,1023,2048,2048,2049
25.079918067,1023,2048,2048,2049
25.110569502,1023,2048,2048,2049
25.141929339,1023,2048,2048,2049
25.164134589000003,1023,2048,2048,2049
25.185833407,1023,2048,2048,2049
25.208011106,1023,2048,2048,2049
25.229910432,1023,2048,2048,2049
25.251159339,1023,2048,2048,2049
25.272939704000002,1023,2048,2048,2049
25.294948529000003,1023,2048,2048,2049
25.325518799,1023,2048,2048,2049
25.347470807,1023,2048,2048,2049
25.375836064,1023,2048,2048,2049
25.398641066000003,1023,2048,2048,2049
25.441100385000002,1023,2048,2048,2049
25.474336161,1023,2048,2048,2049
25.497745848,1023,2048,2048,2049
25.520100743,1023,2048,2048,2049
25.542145345,1023,2048,2048,2049
25.564295405000003,1023,2048,2048,2049
25.586434060000002,1023,2048,2048,2049
25.608542898000003,1023,2048,2048,2049
25.630496206,1023,2048,2048,2049
25.652538852000003,1023,2048,2048,2049
25.674729589000002,1023,2048,2048,2049
25.696757844,1023,2048,2048,2049
25.70919311,1023,2048,2048,2049
25.731576194000002,1023,2048,2048,2049
25.755259839,1023,2048,2048,2049
25.777645977000002,1023,2048,2048,2049
25.804386662000002,1023,2048,2048,2049
25.825051820000002,1023,2048,2048,2049
25.845892785,1023,2048,2048,2049
25.867014486000002,1023,2048,2048,2049
25.887786771000002,1023,2048,2048,2049
25.919240300000002,1023,2048,2048,2049
25.935666840000003,1023,2048,2048,2049
25.958441134,1023,2048,2048,2049
25.969987805000002,1023,2048,2048,2049
25.991843796,1023,2048,2048,2049
26.004320533,1023,2048,2048,2049
26.036453274000003,1023,2048,2048,2049
26.050282590000002,1023,2048,2048,2049
26.071567367,1023,2048,2048,2049
26.092486078,1023,2048,2048,2049
26.114406061,1023,2048,2048,2049
26.135926864,1023,2048,2048,2049
26.15802649,1023,2048,2048,2049
26.179674963,1023,2048,2048,2049
26.202042279,1023,2048,2048,2049
26.214794100000002,1023,2048,2048,2049
26.242978451000003,1023,2048,2048,2049
26.264837532,1023,2048,2048,2049
26.297272693,1023,2048,2048,2049
26.319298788,1023,2048,2048,2049
26.341313953,1023,2048,2048,2049
26.361654122,1023,2048,2048,2049
26.383137308000002,1023,2048,2048,2049
26.397694123,1023,2048,2048,2049
26.415174724,1023,2048,2048,2049
26.434658662,1023,2048,2048,2049
26.457021246,1023,2048,2048,2049
26.478659839000002,1023,2048,2048,2049
26.499637282000002,1023,2048,2048,2049
26.521224059,1023,2048,2048,2049
26.543065598000002,1023,2048,2048,2049
26.564803156,1023,2048,2048,2049
26.58731217,1023,2048,2048,2049
26.608881410000002,1023,2048,2048,2049
26.629754091000002,1023,2048,2048,2049
26.651847884000002,1023,2048,2048,2049
26.677211110000002,1023,2048,2048,2049
26.702725233000002,1023,2048,2048,2049
26.727980675,1023,2048,2048,2049
26.747808640000002,1023,2048,2048,2049
26.768003292000003,1023,2048,2048,2049
26.77961081,1023,2048,2048,2049
26.801222042000003,1023,2048,2048,2049
26.813247822,1023,2048,2048,2049
26.834281225,1023,2048,2048,2049
26.856261175,1023,2048,2048,2049
26.87827584,1023,2048,2048,2049
26.900478559000003,1023,2048,2048,2049
26.921919023,1023,2048,2048,2049
26.943348589000003,1023,2048,2048,2049
26.96473061,1023,2048,2048,2049
26.985606307,1023,2048,2048,2049
27.006258273,1023,2048,2048,2049
27.027677959000002,1023,2048,2048,2049
27.059217127,1023,2048,2048,2049
27.081683504,1023,2048,2048,2049
27.107478225,1023,2048,2048,2049
27.130271127,1023,2048,2048,2049
27.152538443,1023,2048,2048,2049
27.181134059,1023,2048,2048,2049
27.194254623000003,1023,2048,2048,2049
27.227450944,1023,2048,2048,2049
27.240757581,1023,2048,2048,2049
27.273413,1023,2048,2048,2049
27.297897339000002,1023,2048,2048,2049
27.313247439,1023,2048,2048,2049
27.330154267,1023,2048,2048,2049
27.366317175000002,1023,2048,2048,2049
27.379184829000003,1023,2048,2048,2049
27.391350319,1023,2048,2048,2049
27.404612037000003,1023,2048,2048,2049
27.418304382000002,1023,2048,2048,2049
27.431603289,1023,2048,2048,2049
27.453374557,1023,2048,2048,2049
27.465602861,1023,2048,2048,2049
27.482330146000002,1023,2048,2048,2049
27.506576395000003,1023,2048,2048,2049
27.521543015000002,1023,2048,2048,2049
27.554329221000003,1023,2048,2048,2049
27.56776908,1023,2048,2048,2049
27.586146296000003,1023,2048,2048,2049
27.59917455,1023,2048,2048,2049
27.622760116000002,1023,2048,2048,2049
27.645295534000002,1023,2048,2048,2049
27.667718593,1023,2048,2048,2049
27.680190361,1023,2048,2048,2049
27.701248451,1023,2048,2048,2049
27.713977273,1023,2048,2048,2049
27.733418916,1023,2048,2048,2049
27.760351536,1023,2048,2048,2049
27.772611574000003,1023,2048,2048,2049
27.783665579,1023,2048,2048,2049
27.813592655,1023,2048,2048,2049
27.835910012000003,1023,2048,2048,2049
27.855072134,1023,2048,2048,2049
27.874663751000003,1023,2048,2048,2049
27.895225798000002,1023,2048,2048,2049
27.91934166,1023,2048,2048,2049
27.939592831000002,1023,2048,2048,2049
27.953069158,1023,2048,2048,2049
27.978577197000003,1023,2048,2048,2049
27.989772839,1023,2048,2048,2049
28.009820526000002,1023,2048,2048,2049
28.030897524,1023,2048,2048,2049
28.051077342000003,1023,2048,2048,2049
28.071841148,1023,2048,2048,2049
28.09355379,1023,2048,2048,2049
28.113643469000003,1023,2048,2048,2049
28.134229041,1023,2048,2048,2049
28.155666069000002,1023,2048,2048,2049
28.176446520000002,1023,2048,2048,2049
28.197344422,1023,2048,2048,2049
28.208809351000003,1023,2048,2048,2049
28.229688797,1023,2048,2048,2049
28.251714965,1023,2048,2048,2049
28.272455873000002,1023,2048,2048,2049
28.293966663000003,1023,2048,2048,2049
28.315312091000003,1023,2048,2048,2049
28.337227466,1023,2048,2048,2049
28.358557749000003,1023,2048,2048,2049
28.380348489000003,1023,2048,2048,2049
28.406341539000003,1023,2048,2048,2049
28.427597361,1023,2048,2048,2049
28.448274744000003,1023,2048,2048,2049
28.469186166,1023,2048,2048,2049
28.489948478000002,1023,2048,2048,2049
28.50168319,1023,2048,2048,2049
28.513441713000002,1023,2048,2048,2049
28.534577712,1023,2048,2048,2049
28.546613343,1023,2048,2048,2049
28.568169477,1023,2048,2048,2049
28.589596373000003,1023,2048,2048,2049
28.616731021000003,1023,2048,2048,2049
28.637873809000002,1023,2048,2048,2049
28.649269533000002,1023,2048,2048,2049
28.669486067,1023,2048,2048,2049
28.689846451,1023,2048,2048,2049
28.711298105,1023,2048,2048,2049
28.723178475,1023,2048,2048,2049
28.735649575,1023,2048,2048,2049
28.756656814000003,1023,2048,2048,2049
28.778630893000003,1023,2048,2048,2049
28.800882751000003,1023,2048,2048,2049
28.814092112,1023,2048,2048,2049
28.832725377000003,1023,2048,2048,2049
28.855365624,1023,2048,2048,2049
28.870083689,1023,2048,2048,2049
28.882216434,1023,2048,2048,2049
28.892997177,1023,2048,2048,2049
28.913325215,1023,2048,2048,2049
28.93351552,1023,2048,2048,2049
28.954072420000003,1023,2048,2048,2049
28.975002819,1023,2048,2048,2049
28.995080674,1023,2048,2048,2049
29.015874883000002,1023,2048,2048,2049
29.036964177,1023,2048,2048,2049
29.057922172,1023,2048,2048,2049
29.078956783000002,1023,2048,2048,2049
29.099800253,1023,2048,2048,2049
29.121083165,1023,2048,2048,2049
29.133597832000003,1023,2048,2048,2049
29.155761707000003,1023,2048,2048,2049
29.187628248000003,1023,2048,2048,2049
29.209359717,1023,2048,2048,2049
29.236335677000003,1023,2048,2048,2049
29.263168343,1023,2048,2048,2049
29.284371491,1023,2048,2048,2049
29.304958134000003,1023,2048,2048,2049
29.326152317000002,1023,2048,2048,2049
29.357347819,1023,2048,2048,2049
29.378788205000003,1023,2048,2048,2049
29.407113648000003,1023,2048,2048,2049
29.431271057000004,1023,2048,2048,2049
29.443808398,1023,2048,2048,2049
29.45860452,1023,2048,2048,2049
29.475964306,1023,2048,2048,2049
29.499161072000003,1023,2048,2048,2049
29.521232179000002,1023,2048,2048,2049
29.543167790000002,1023,2048,2048,2049
29.565646805,1023,2048,2048,2049
29.588145818,1023,2048,2048,2049
29.610789412000003,1023,2048,2048,2049
29.633015369000002,1023,2048,2048,2049
29.655153863000002,1023,2048,2048,2049
29.677689400000002,1023,2048,2048,2049
29.700767323,1023,2048,2048,2049
29.7232391,1023,2048,2048,2049
29.736754554,1023,2048,2048,2049
29.759272820000003,1023,2048,2048,2049
29.781747746,1023,2048,2048,2049
29.803087731,1023,2048,2048,2049
29.826507359,1023,2048,2048,2049
29.839354173,1023,2048,2048,2049
29.860984265000003,1023,2048,2048,2049
29.884105314000003,1023,2048,2048,2049
29.897768743,1023,2048,2048,2049
29.930074273000002,1023,2048,2048,2049
29.952365123000003,1023,2048,2048,2049
29.98178352,1023,2048,2048,2049
29.99708966,1023,2048,2048,2049
30.018805012,1023,2048,2048,2049
30.042248598,1023,2048,2048,2049
30.065503373000002,1023,2048,2048,2049
30.088782846,1023,2048,2048,2049
30.111469086000003,1023,2048,2048,2049
30.126924272,1023,2048,2048,2049
30.149240193,1023,2048,2048,2049
30.171256299000003,1023,2048,2048,2049
30.193305438000003,1023,2048,2048,2049
30.215682605,1023,2048,2048,2049
30.237959427000003,1023,2048,2048,2049
30.25067525,1023,2048,2048,2049
30.273506528000002,1023,2048,2048,2049
30.296072035,1023,2048,2048,2049
30.318338758000003,1023,2048,2048,2049
30.34057242,1023,2048,2048,2049
30.363266053,1023,2048,2048,2049
30.3858405,1023,2048,2048,2049
30.410688559,1023,2048,2048,2049
30.422973505,1023,2048,2048,2049
30.445211721000003,1023,2048,2048,2049
30.4580294,1023,2048,2048,2049
30.470262369,1023,2048,2048,2049
30.490556981,1023,2048,2048,2049
30.511349954000003,1023,2048,2048,2049
30.523278832000003,1023,2048,2048,2049
30.545033361,1023,2048,2048,2049
30.576070495000003,1023,2048,2048,2049
30.611020989000004,1023,2048,2048,2049
30.638676515,1023,2048,2048,2049
30.663437609000002,1023,2048,2048,2049
30.683924697000002,1023,2048,2048,2049
30.704840720000004,1023,2048,2048,2049
30.739088085000002,1023,2048,2048,2049
30.761739802,1023,2048,2048,2049
30.798765846000002,1023,2048,2048,2049
30.815130577,1023,2048,2048,2049
30.840550685,1023,2048,2048,2049
30.851672189000002,1023,2048,2048,2049
30.871823858000003,1023,2048,2048,2049
30.891418557,1023,2048,2048,2049
30.911939989,1023,2048,2048,2049
30.932972340000003,1023,2048,2048,2049
30.954439173,1023,2048,2048,2049
30.975764336,1023,2048,2048,2049
30.995545421000003,1023,2048,2048,2049
31.015765560000002,1023,2048,2048,2049
31.029029663000003,1023,2048,2048,2049
31.062371935,1023,2048,2048,2049
31.083809751,1023,2048,2048,2049
31.104610479,1023,2048,2048,2049
31.128328189,1023,2048,2048,2049
31.150157529,1023,2048,2048,2049
31.170876833,1023,2048,2048,2049
31.192312862,1023,2048,2048,2049
31.204860275,1023,2048,2048,2049
31.217461663,1023,2048,2048,2049
31.239042370000004,1023,2048,2048,2049
31.27110495,1023,2048,2048,2049
31.293893219,1023,2048,2048,2049
31.307958813000003,1023,2048,2048,2049
31.332182752,1023,2048,2048,2049
31.352534932,1023,2048,2048,2049
31.373523038000002,1023,2048,2048,2049
31.385241291000003,1023,2048,2048,2049
31.406585079000003,1023,2048,2048,2049
31.427332018,1023,2048,2048,2049
31.447974226000003,1023,2048,2048,2049
31.469047072000002,1023,2048,2048,2049
31.489833926000003,1023,2048,2048,2049
31.510821380000003,1023,2048,2048,2049
31.532593061000004,1023,2048,2048,2049
31.545498675,1023,2048,2048,2049
31.566918139000002,1023,2048,2048,2049
31.588859002000003,1023,2048,2048,2049
31.609877527000002,1023,2048,2048,2049
31.631207156000002,1023,2048,2048,2049
31.643150066,1023,2048,2048,2049
31.664192522,1023,2048,2048,2049
31.675767108000002,1023,2048,2048,2049
31.687523807,1023,2048,2048,2049
31.707908630000002,1023,2048,2048,2049
31.728615674,1023,2048,2048,2049
31.749091630000002,1023,2048,2048,2049
31.770350543000003,1023,2048,2048,2049
31.790917488,1023,2048,2048,2049
31.811642145,1023,2048,2048,2049
31.832603812000002,1023,2048,2048,2049
31.854230451000003,1023,2048,2048,2049
31.886800115000003,1023,2048,2048,2049
31.91927858,1023,2048,2048,2049
31.939646797,1023,2048,2048,2049
31.960365014,1023,2048,2048,2049
31.972476448000002,1023,2048,2048,2049
31.993697967000003,1023,2048,2048,2049
32.005511915,1023,2048,2048,2049
32.026970586000004,1023,2048,2048,2049
32.049123472000005,1023,2048,2048,2049
32.071012894,1023,2048,2048,2049
32.092477726,1023,2048,2048,2049
32.113432604,1023,2048,2048,2049
32.134742234,1023,2048,2048,2049
32.158198385,1023,2048,2048,2049
32.179358611000005,1023,2048,2048,2049
32.200054485,1023,2048,2048,2049
32.220692075,1023,2048,2048,2049
32.241230709,1023,2048,2048,2049
32.262162611,1023,2048,2048,2049
32.282720493,1023,2048,2048,2049
32.303626155,1023,2048,2048,2049
32.32426739,1023,2048,2048,2049
32.345146302,1023,2048,2048,2049
32.366234509,1023,2048,2048,2049
32.378072200000005,1023,2048,2048,2049
32.399032705,1023,2048,2048,2049
32.420204000000005,1023,2048,2048,2049
32.440923669,1023,2048,2048,2049
32.462128171,1023,2048,2048,2049
32.483856724,1023,2048,2048,2049
32.505374134,1023,2048,2048,2049
32.534945663,1023,2048,2048,2049
32.555766651,1023,2048,2048,2049
32.567218978,1023,2048,2048,2049
32.578486259,1023,2048,2048,2049
32.599489823,1023,2048,2048,2049
32.620549438000005,1023,2048,2048,2049
32.641483262,1023,2048,2048,2049
32.670926416,1023,2048,2048,2049
32.711234635000004,1023,2048,2048,2049
32.723103099,1023,2048,2048,2049
32.743118305,1023,2048,2048,2049
32.764171146,1023,2048,2048,2049
32.777292960000004,1023,2048,2048,2049
32.797891320000005,1023,2048,2048,2049
32.819106803000004,1023,2048,2048,2049
32.840325316000005,1023,2048,2048,2049
32.865457925,1023,2048,2048,2049
32.885923329,1023,2048,2048,2049
32.908997035,1023,2048,2048,2049
32.929955145,1023,2048,2048,2049
32.950276615,1023,2048,2048,2049
32.971151197000005,1023,2048,2048,2049
32.991541234,1023,2048,2048,2049
33.012298402,1023,2048,2048,2049
33.024376181,1023,2048,2048,2049
33.048594585000004,1023,2048,2048,2049
33.070142128,1023,2048,2048,2049
33.091858797,1023,2048,2048,2049
33.119809467,1023,2048,2048,2049
33.140754606,1023,2048,2048,2049
33.162284162,1023,2048,2048,2049
33.184971489,1023,2048,2048,2049
33.209348931,1023,2048,2048,2049
33.231323617,1023,2048,2048,2049
33.253072081,1023,2048,2048,2049
33.274801853,1023,2048,2048,2049
33.294679144,1023,2048,2048,2049
33.306207205,1023,2048,2048,2049
33.326748826,1023,2048,2048,2049
33.348909590000005,1023,2048,2048,2049
33.371032727,1023,2048,2048,2049
33.394226684,1023,2048,2048,2049
33.418850793000004,1023,2048,2048,2049
33.440713411000004,1023,2048,2048,2049
33.462422671,1023,2048,2048,2049
33.484854763,1023,2048,2048,2049
33.50777694,1023,2048,2048,2049
33.530701377,1023,2048,2048,2049
33.553181439,1023,2048,2048,2049
33.565798668,1023,2048,2048,2049
33.589724757,1023,2048,2048,2049
33.612941851,1023,2048,2048,2049
33.634245258,1023,2048,2048,2049
33.650145489,1023,2048,2048,2049
33.671144192,1023,2048,2048,2049
33.690923236,1023,2048,2048,2049
33.711578962000004,1023,2048,2048,2049
33.723283767000005,1023,2048,2048,2049
33.74449014,1023,2048,2048,2049
33.764752767000004,1023,2048,2048,2049
33.784542618,1023,2048,2048,2049
33.805997321,1023,2048,2048,2049
33.822462381,1023,2048,2048,2049
33.846778963000006,1023,2048,2048,2049
33.866361355,1023,2048,2048,2049
33.886525783,1023,2048,2048,2049
33.906215205,1023,2048,2048,2049
33.926499492000005,1023,2048,2048,2049
33.938826416000005,1023,2048,2048,2049
33.963174684,1023,2048,2048,2049
33.974570288,1023,2048,2048,2049
34.003514061000004,1023,2048,2048,2049
34.034991094,1023,2048,2048,2049
34.051663065,1023,2048,2048,2049
34.073063937,1023,2048,2048,2049
34.085541083,1023,2048,2048,2049
34.116695765,1023,2048,2048,2049
34.142599503,1023,2048,2048,2049
34.173312989,1023,2048,2048,2049
34.187799657,1023,2048,2048,2049
34.217554736000004,1023,2048,2048,2049
34.238614162000005,1023,2048,2048,2049
34.259213558,1023,2048,2048,2049
34.279629733,1023,2048,2048,2049
34.292047803,1023,2048,2048,2049
34.317615847,1023,2048,2048,2049
34.337946522,1023,2048,2048,2049
34.35945469,1023,2048,2048,2049
34.381162404,1023,2048,2048,2049
34.393784624000006,1023,2048,2048,2049
34.417265705000005,1023,2048,2048,2049
34.43853042,1023,2048,2048,2049
34.462373168,1023,2048,2048,2049
34.484054105000006,1023,2048,2048,2049
34.504923407,1023,2048,2048,2049
34.527234052000004,1023,2048,2048,2049
34.549014877000005,1023,2048,2048,2049
34.570137772,1023,2048,2048,2049
34.592742588,1023,2048,2048,2049
34.603957333000004,1023,2048,2048,2049
34.615458739000005,1023,2048,2048,2049
34.627650406,1023,2048,2048,2049
34.667290886,1023,2048,2048,2049
34.685434115,1023,2048,2048,2049
34.697156096,1023,2048,2048,2049
34.717617347,1023,2048,2048,2049
34.737808509000004,1023,2048,2048,2049
34.757966755000005,1023,2048,2048,2049
34.769738183,1023,2048,2048,2049
34.801583027,1023,2048,2048,2049
34.828989512,1023,2048,2048,2049
34.855460281,1023,2048,2048,2049
34.868272481000005,1023,2048,2048,2049
34.882131165000004,1023,2048,2048,2049
34.902904045,1023,2048,2048,2049
34.923332806000005,1023,2048,2048,2049
34.934666871000005,1023,2048,2048,2049
34.956026064,1023,2048,2048,2049
34.968308395,1023,2048,2048,2049
34.983160919,1023,2048,2048,2049
35.00482839,1023,2048,2048,2049
35.019789658,1023,2048,2048,2049
35.032283259,1023,2048,2048,2049
35.054161314000005,1023,2048,2048,2049
35.07539107,1023,2048,2048,2049
35.096247289000004,1023,2048,2048,2049
35.119417415,1023,2048,2048,2049
35.141228386,1023,2048,2048,2049
35.162899597,1023,2048,2048,2049
35.1887199,1023,2048,2048,2049
35.210714299,1023,2048,2048,2049
35.222500992,1023,2048,2048,2049
35.253459733,1023,2048,2048,2049
35.278710807,1023,2048,2048,2049
35.300587684,1023,2048,2048,2049
35.328479844,1023,2048,2048,2049
35.352944948,1023,2048,2048,2049
35.364904334,1023,2048,2048,2049
35.386271473,1023,2048,2048,2049
35.39893772,1023,2048,2048,2049
35.418642608,1023,2048,2048,2049
35.440770625,1023,2048,2048,2049
35.463580037,1023,2048,2048,2049
35.476698755,1023,2048,2048,2049
35.501005658000004,1023,2048,2048,2049
35.522456406,1023,2048,2048,2049
35.544417776,1023,2048,2048,2049
35.566166974000005,1023,2048,2048,2049
35.587701056,1023,2048,2048,2049
35.60894269,1023,2048,2048,2049
35.629614443,1023,2048,2048,2049
35.650200262000006,1023,2048,2048,2049
35.670979475,1023,2048,2048,2049
35.692059835,1023,2048,2048,2049
35.713823443,1023,2048,2048,2049
35.736119868,1023,2048,2048,2049
35.757816922,1023,2048,2048,2049
35.779019435,1023,2048,2048,2049
35.800341515,1023,2048,2048,2049
35.820835803,1023,2048,2048,2049
35.846092248000005,1023,2048,2048,2049
35.868047247,1023,2048,2048,2049
35.889768336,1023,2048,2048,2049
35.901597518,1023,2048,2048,2049
35.921623417,1023,2048,2048,2049
35.947484344,1023,2048,2048,2049
35.968177066,1023,2048,2048,2049
35.991602839,1023,2048,2048,2049
36.012061853,1023,2048,2048,2049
36.033045465,1023,2048,2048,2049
36.054882,1023,2048,2048,2049
36.076634117000005,1023,2048,2048,2049
36.09803989,1023,2048,2048,2049
36.110272838,1023,2048,2048,2049
36.144472865000004,1023,2048,2048,2049
36.168142071000005,1023,2048,2048,2049
36.189481571,1023,2048,2048,2049
36.210925610000004,1023,2048,2048,2049
36.232554151,1023,2048,2048,2049
36.254668341000006,1023,2048,2048,2049
36.276430684000005,1023,2048,2048,2049
36.297699067,1023,2048,2048,2049
36.319048497000004,1023,2048,2048,2049
36.341597252,1023,2048,2048,2049
36.363896908,1023,2048,2048,2049
36.385865004,1023,2048,2048,2049
36.407634374000004,1023,2048,2048,2049
36.429494994,1023,2048,2048,2049
36.45150429,1023,2048,2048,2049
36.474652689,1023,2048,2048,2049
36.486924244,1023,2048,2048,2049
36.509289291,1023,2048,2048,2049
36.533323593000006,1023,2048,2048,2049
36.556868411,1023,2048,2048,2049
36.580059227,1023,2048,2048,2049
36.602967081,1023,2048,2048,2049
36.626072158,1023,2048,2048,2049
36.639082179,1023,2048,2048,2049
36.661338013000005,1023,2048,2048,2049
36.674267041,1023,2048,2048,2049
36.699976343,1023,2048,2048,2049
36.721711095,1023,2048,2048,2049
36.74472216,1023,2048,2048,2049
36.757556174,1023,2048,2048,2049
36.770144463,1023,2048,2048,2049
36.792265198,1023,2048,2048,2049
36.815050164,1023,2048,2048,2049
36.837179127,1023,2048,2048,2049
36.861625877,1023,2048,2048,2049
36.879865413000005,1023,2048,2048,2049
36.907805992,1023,2048,2048,2049
36.929174621,1023,2048,2048,2049
36.960959432,1023,2048,2048,2049
36.991917613000005,1023,2048,2048,2049
37.003640223000005,1023,2048,2048,2049
37.025435686,1023,2048,2048,2049
37.048139701000004,1023,2048,2048,2049
37.070807361,1023,2048,2048,2049
37.09334056,1023,2048,2048,2049
37.115946624,1023,2048,2048,2049
37.139409852,1023,2048,2048,2049
37.162511897,1023,2048,2048,2049
37.186378478,1023,2048,2048,2049
37.208881086000005,1023,2048,2048,2049
37.23102662,1023,2048,2048,2049
37.252953401,1023,2048,2048,2049
37.275446026000004,1023,2048,2048,2049
37.297353752,1023,2048,2048,2049
37.317755886,1023,2048,2048,2049
37.329740129,1023,2048,2048,2049
37.351589237,1023,2048,2048,2049
37.37327981,1023,2048,2048,2049
37.395371292,1023,2048,2048,2049
37.41649565,1023,2048,2048,2049
37.43752932,1023,2048,2048,2049
37.458817023,1023,2048,2048,2049
37.470591281000004,1023,2048,2048,2049
37.496469561000005,1023,2048,2048,2049
37.51063253,1023,2048,2048,2049
37.526421154000005,1023,2048,2048,2049
37.548430791,1023,2048,2048,2049
37.571126794,1023,2048,2048,2049
37.59844718,1023,2048,2048,2049
37.610664666000005,1023,2048,2048,2049
37.648657670000006,1023,2048,2048,2049
37.670674809000005,1023,2048,2048,2049
37.69974723,1023,2048,2048,2049
37.720405714,1023,2048,2048,2049
37.740891189,1023,2048,2048,2049
37.761532011,1023,2048,2048,2049
37.781900601000004,1023,2048,2048,2049
37.803213404000005,1023,2048,2048,2049
37.814509826000005,1023,2048,2048,2049
37.836140454,1023,2048,2048,2049
37.857559545,1023,2048,2048,2049
37.878503531,1023,2048,2048,2049
37.899649415,1023,2048,2048,2049
37.921818257000005,1023,2048,2048,2049
37.942463403000005,1023,2048,2048,2049
37.963337516,1023,2048,2048,2049
37.975616915,1023,2048,2048,2049
37.987690412,1023,2048,2048,2049
38.008648140000005,1023,2048,2048,2049
38.030967593,1023,2048,2048,2049
38.054247691,1023,2048,2048,2049
38.076030274000004,1023,2048,2048,2049
38.097819619,1023,2048,2048,2049
38.120473246,1023,2048,2048,2049
38.13345502,1023,2048,2048,2049
38.155488364,1023,2048,2048,2049
38.177396202000004,1023,2048,2048,2049
38.198480671000006,1023,2048,2048,2049
38.221199615,1023,2048,2048,2049
38.243453491000004,1023,2048,2048,2049
38.264744221,1023,2048,2048,2049
38.286129723,1023,2048,2048,2049
38.307971396,1023,2048,2048,2049
38.340164919,1023,2048,2048,2049
38.381202821,1023,2048,2048,2049
38.415138702,1023,2048,2048,2049
38.430391334,1023,2048,2048,2049
38.447274211,1023,2048,2048,2049
38.469020196,1023,2048,2048,2049
38.490606948,1023,2048,2048,2049
38.512256218000005,1023,2048,2048,2049
38.533425781000005,1023,2048,2048,2049
38.554215328000005,1023,2048,2048,2049
38.586320527000005,1023,2048,2048,2049
38.611347681000005,1023,2048,2048,2049
38.631599659,1023,2048,2048,2049
38.651768434000005,1023,2048,2048,2049
38.672957277,1023,2048,2048,2049
38.694263912000004,1023,2048,2048,2049
38.716133952,1023,2048,2048,2049
38.737292946000004,1023,2048,2048,2049
38.758672264000005,1023,2048,2048,2049
38.779282722000005,1023,2048,2048,2049
38.800116231000004,1023,2048,2048,2049
38.811797532,1023,2048,2048,2049
38.832389593,1023,2048,2048,2049
38.852773612,1023,2048,2048,2049
38.872857066,1023,2048,2048,2049
38.893959675000005,1023,2048,2048,2049
38.915255308,1023,2048,2048,2049
38.935115413000005,1023,2048,2048,2049
38.966240337,1023,2048,2048,2049
38.988500646000006,1023,2048,2048,2049
39.008509782000004,1023,2048,2048,2049
39.028656114,1023,2048,2048,2049
39.049927428000004,1023,2048,2048,2049
39.071129595,1023,2048,2048,2049
39.092717862,1023,2048,2048,2049
39.120908086,1023,2048,2048,2049
39.13636255,1023,2048,2048,2049
39.160355413000005,1023,2048,2048,2049
39.191492968000006,1023,2048,2048,2049
39.214500464000004,1023,2048,2048,2049
39.239850266000005,1023,2048,2048,2049
39.262635273,1023,2048,2048,2049
39.285662138,1023,2048,2048,2049
39.29943568,1023,2048,2048,2049
39.327118891000005,1023,2048,2048,2049
39.351595033,1023,2048,2048,2049
39.373068954000004,1023,2048,2048,2049
39.394939478000005,1023,2048,2048,2049
39.417270487,1023,2048,2048,2049
39.430003565,1023,2048,2048,2049
39.463193090000004,1023,2048,2048,2049
39.475791578,1023,2048,2048,2049
39.494172083,1023,2048,2048,2049
39.523997829,1023,2048,2048,2049
39.54654164,1023,2048,2048,2049
39.560104016000004,1023,2048,2048,2049
39.584362846000005,1023,2048,2048,2049
39.598357932,1023,2048,2048,2049
39.629355360000005,1023,2048,2048,2049
39.641910278000005,1023,2048,2048,2049
39.663622586,1023,2048,2048,2049
39.686126431000005,1023,2048,2048,2049
39.708418304000006,1023,2048,2048,2049
39.731785834,1023,2048,2048,2049
39.756005935000005,1023,2048,2048,2049
39.780942307000004,1023,2048,2048,2049
39.802745534,1023,2048,2048,2049
39.826704867000004,1023,2048,2048,2049
39.852190432,1023,2048,2048,2049
39.865966785000005,1023,2048,2048,2049
39.881232761,1023,2048,2048,2049
39.903165656000006,1023,2048,2048,2049
39.924658695000005,1023,2048,2048,2049
39.9369707,1023,2048,2048,2049
39.959111564000004,1023,2048,2048,2049
39.979990286,1023,2048,2048,2049
40.000234353,1023,2048,2048,2049
40.021664605000005,1023,2048,2048,2049
40.033760992000005,1023,2048,2048,2049
40.055398125,1023,2048,2048,2049
40.067180088,1023,2048,2048,2049
40.078638007,1023,2048,2048,2049
40.100235927,1023,2048,2048,2049
40.136528275,1023,2048,2048,2049
40.16326749,1023,2048,2048,2049
40.184997272000004,1023,2048,2048,2049
40.207316845,1023,2048,2048,2049
40.228995017,1023,2048,2048,2049
40.250024109,1023,2048,2048,2049
40.270981302,1023,2048,2048,2049
40.292080426000005,1023,2048,2048,2049
40.313201393,1023,2048,2048,2049
40.334493371,1023,2048,2048,2049
40.35565708,1023,2048,2048,2049
40.37656236,1023,2048,2048,2049
40.397781543,1023,2048,2048,2049
40.41870164,1023,2048,2048,2049
40.439620798,1023,2048,2048,2049
40.451744877,1023,2048,2048,2049
40.488732928000005,1023,2048,2048,2049
40.523000423,1023,2048,2048,2049
40.54413702,1023,2048,2048,2049
40.564716773,1023,2048,2048,2049
40.585469446000005,1023,2048,2048,2049
40.606446941,1023,2048,2048,2049
40.627492328,1023,2048,2048,2049
40.639466507,1023,2048,2048,2049
40.66212516,1023,2048,2048,2049
40.673789791000004,1023,2048,2048,2049
40.696067848000006,1023,2048,2048,2049
40.711300967,1023,2048,2048,2049
40.752124184,1023,2048,2048,2049
40.766364745000004,1023,2048,2048,2049
40.793390673000005,1023,2048,2048,2049
40.806248524000004,1023,2048,2048,2049
40.832079096,1023,2048,2048,2049
40.853117495,1023,2048,2048,2049
40.87569614,1023,2048,2048,2049
40.897747769000006,1023,2048,2048,2049
40.920779807,1023,2048,2048,2049
40.94129319,1023,2048,2048,2049
40.974186394,1023,2048,2048,2049
40.987196137000005,1023,2048,2048,2049
41.008240875000006,1023,2048,2048,2049
41.025240894,1023,2048,2048,2049
41.063354678,1023,2048,2048,2049
41.084024064000005,1023,2048,2048,2049
41.096230269,1023,2048,2048,2049
41.117606812000005,1023,2048,2048,2049
41.140503745000004,1023,2048,2048,2049
41.163396462,1023,2048,2048,2049
41.184129758000005,1023,2048,2048,2049
41.204883645,1023,2048,2048,2049
41.226668734,1023,2048,2048,2049
41.23973102,1023,2048,2048,2049
41.252227622,1023,2048,2048,2049
41.273979474,1023,2048,2048,2049
41.294979139000006,1023,2048,2048,2049
41.316447184000005,1023,2048,2048,2049
41.337445479,1023,2048,2048,2049
41.360613778,1023,2048,2048,2049
41.382799378,1023,2048,2048,2049
41.403151907,1023,2048,2048,2049
41.426595971000005,1023,2048,2048,2049
41.447835315000006,1023,2048,2048,2049
41.480705458,1023,2048,2048,2049
41.51838299,1023,2048,2048,2049
41.550274318,1023,2048,2048,2049
41.580362184,1023,2048,2048,2049
41.608421593,1023,2048,2048,2049
41.629448218,1023,2048,2048,2049
41.65012404,1023,2048,2048,2049
41.670876621000005,1023,2048,2048,2049
41.691958184,1023,2048,2048,2049
41.703700058,1023,2048,2048,2049
41.725489068,1023,2048,2048,2049
41.746921219,1023,2048,2048,2049
41.768762451,1023,2048,2048,2049
41.790144712,1023,2048,2048,2049
41.812221576000006,1023,2048,2048,2049
41.840738565,1023,2048,2048,2049
41.865731173,1023,2048,2048,2049
41.895588808,1023,2048,2048,2049
41.920317745000006,1023,2048,2048,2049
41.940361145000004,1023,2048,2048,2049
41.960615677,1023,2048,2048,2049
41.980823459,1023,2048,2048,2049
42.002846222,1023,2048,2048,2049
42.026576548,1023,2048,2048,2049
42.039368404,1023,2048,2048,2049
42.071685753000004,1023,2048,2048,2049
42.097790484,1023,2048,2048,2049
42.109461042,1023,2048,2048,2049
42.130154191,1023,2048,2048,2049
42.15016817,1023,2048,2048,2049
42.170566167000004,1023,2048,2048,2049
42.190905361000006,1023,2048,2048,2049
42.211927415000005,1023,2048,2048,2049
42.232680895,1023,2048,2048,2049
42.255179674000004,1023,2048,2048,2049
42.281176667000004,1023,2048,2048,2049
42.306907909,1023,2048,2048,2049
42.338314173,1023,2048,2048,2049
42.369371302000005,1023,2048,2048,2049
42.384998742,1023,2048,2048,2049
42.41418315,1023,2048,2048,2049
42.440043573000004,1023,2048,2048,2049
42.462960152,1023,2048,2048,2049
42.484103312,1023,2048,2048,2049
42.506466607,1023,2048,2048,2049
42.537364636,1023,2048,2048,2049
42.550842176,1023,2048,2048,2049
42.575015987,1023,2048,2048,2049
42.5874346,1023,2048,2048,2049
42.613640656,1023,2048,2048,2049
42.637065552,1023,2048,2048,2049
42.650543497,1023,2048,2048,2049
42.671367206,1023,2048,2048,2049
42.684759590000006,1023,2048,2048,2049
42.704333975000004,1023,2048,2048,2049
42.726959856,1023,2048,2048,2049
42.750161364,1023,2048,2048,2049
42.772859658,1023,2048,2048,2049
42.794942939,1023,2048,2048,2049
42.817535729,1023,2048,2048,2049
42.84020572,1023,2048,2048,2049
42.853162532000006,1023,2048,2048,2049
42.875299648,1023,2048,2048,2049
42.898235267000004,1023,2048,2048,2049
42.920779128,1023,2048,2048,2049
42.942937329,1023,2048,2048,2049
42.955016032,1023,2048,2048,2049
42.977366555,1023,2048,2048,2049
42.999580012,1023,2048,2048,2049
43.022255797,1023,2048,2048,2049
43.034615996,1023,2048,2048,2049
43.046814633000004,1023,2048,2048,2049
43.059288542000004,1023,2048,2048,2049
43.08179114,1023,2048,2048,2049
43.103993358000004,1023,2048,2048,2049
43.126471293,1023,2048,2048,2049
43.149024214,1023,2048,2048,2049
43.173580583,1023,2048,2048,2049
43.197885254000006,1023,2048,2048,2049
43.221160362000006,1023,2048,2048,2049
43.243624874000005,1023,2048,2048,2049
43.266406387,1023,2048,2048,2049
43.289130672000006,1023,2048,2048,2049
43.311787741,1023,2048,2048,2049
43.334432367000005,1023,2048,2048,2049
43.358267126,1023,2048,2048,2049
43.380299471,1023,2048,2048,2049
43.404355947000006,1023,2048,2048,2049
43.426912545,1023,2048,2048,2049
43.449411746,1023,2048,2048,2049
43.472413182000004,1023,2048,2048,2049
43.495245751000006,1023,2048,2048,2049
43.53714086,1023,2048,2048,2049
43.550183667000006,1023,2048,2048,2049
43.567499008000006,1023,2048,2048,2049
43.584414181,1023,2048,2048,2049
43.59834206,1023,2048,2048,2049
43.630979942,1023,2048,2048,2049
43.654454549,1023,2048,2048,2049
43.676583083000004,1023,2048,2048,2049
43.698539827000005,1023,2048,2048,2049
43.720616551000006,1023,2048,2048,2049
43.742849598,1023,2048,2048,2049
43.765420981000005,1023,2048,2048,2049
43.787694178,1023,2048,2048,2049
43.810797971,1023,2048,2048,2049
43.823747854000004,1023,2048,2048,2049
43.845706978,1023,2048,2048,2049
43.867400651000004,1023,2048,2048,2049
43.88951011,1023,2048,2048,2049
43.910567874,1023,2048,2048,2049
43.931552574,1023,2048,2048,2049
43.952650098,1023,2048,2048,2049
43.973895859,1023,2048,2048,2049
43.995353748,1023,2048,2048,2049
44.028463046000006,1023,2048,2048,2049
44.04341276,1023,2048,2048,2049
44.066030888,1023,2048,2048,2049
44.078425581000005,1023,2048,2048,2049
44.100943534,1023,2048,2048,2049
44.123754635000004,1023,2048,2048,2049
44.146609464,1023,2048,2048,2049
44.169270048,1023,2048,2048,2049
44.191778646,1023,2048,2048,2049
44.214070949,1023,2048,2048,2049
44.236802332,1023,2048,2048,2049
44.259617993000006,1023,2048,2048,2049
44.282030225,1023,2048,2048,2049
44.304108507,1023,2048,2048,2049
44.326155224000004,1023,2048,2048,2049
44.348508032000005,1023,2048,2048,2049
44.370749537,1023,2048,2048,2049
44.394036093000004,1023,2048,2048,2049
44.407166353,1023,2048,2048,2049
44.42623385,1023,2048,2048,2049
44.444481911000004,1023,2048,2048,2049
44.467166634,1023,2048,2048,2049
44.479617408,1023,2048,2048,2049
44.492532011,1023,2048,2048,2049
44.514823445000005,1023,2048,2048,2049
44.538152299000004,1023,2048,2048,2049
44.560346536000004,1023,2048,2048,2049
44.582819426,1023,2048,2048,2049
44.605015366,1023,2048,2048,2049
44.627102411,1023,2048,2048,2049
44.647722992000006,1023,2048,2048,2049
44.670210968,1023,2048,2048,2049
44.691722187,1023,2048,2048,2049
44.713398058,1023,2048,2048,2049
44.73526746,1023,2048,2048,2049
44.756843171,1023,2048,2048,2049
44.778383189,1023,2048,2048,2049
44.799879765,1023,2048,2048,2049
44.822209298000004,1023,2048,2048,2049
44.84391884,1023,2048,2048,2049
44.86547848,1023,2048,2048,2049
44.886822432,1023,2048,2048,2049
44.911110622,1023,2048,2048,2049
44.932273799,1023,2048,2048,2049
44.967121953,1023,2048,2048,2049
44.988120253000005,1023,2048,2048,2049
45.002229087,1023,2048,2048,2049
45.024333626,1023,2048,2048,2049
45.046701327,1023,2048,2048,2049
45.066084577000005,1023,2048,2048,2049
45.089394576000004,1023,2048,2048,2049
45.100367622,1023,2048,2048,2049
45.120798178,1023,2048,2048,2049
45.141408022,1023,2048,2048,2049
45.162170309000004,1023,2048,2048,2049
45.182677773,1023,2048,2048,2049
45.205398709,1023,2048,2048,2049
45.229007038000006,1023,2048,2048,2049
45.251161619,1023,2048,2048,2049
45.273489122,1023,2048,2048,2049
45.294753443000005,1023,2048,2048,2049
45.315280662000006,1023,2048,2048,2049
45.335817364,1023,2048,2048,2049
45.356958904,1023,2048,2048,2049
45.37837461,1023,2048,2048,2049
45.400167848,1023,2048,2048,2049
45.413837989,1023,2048,2048,2049
45.430461917,1023,2048,2048,2049
45.460597563,1023,2048,2048,2049
45.482093123000006,1023,2048,2048,2049
45.502114143,1023,2048,2048,2049
45.523146581000006,1023,2048,2048,2049
45.534797532000006,1023,2048,2048,2049
45.561926132,1023,2048,2048,2049
45.573394071,1023,2048,2048,2049
45.594200533000006,1023,2048,2048,2049
45.614627623000004,1023,2048,2048,2049
45.625925202000005,1023,2048,2048,2049
45.63833563,1023,2048,2048,2049
45.654279901,1023,2048,2048,2049
45.676762401000005,1023,2048,2048,2049
45.700344781000005,1023,2048,2048,2049
45.731645952,1023,2048,2048,2049
45.752481613,1023,2048,2048,2049
45.776559105000004,1023,2048,2048,2049
45.80510599,1023,2048,2048,2049
45.826330735000006,1023,2048,2048,2049
45.848126816000004,1023,2048,2048,2049
45.870797583000005,1023,2048,2048,2049
45.910396933,1023,2048,2048,2049
45.922357184000006,1023,2048,2048,2049
45.943664058,1023,2048,2048,2049
45.96477464,1023,2048,2048,2049
45.976100657,1023,2048,2048,2049
45.99651437,1023,2048,2048,2049
46.01675007,1023,2048,2048,2049
46.037977305000005,1023,2048,2048,2049
46.058990502,1023,2048,2048,2049
46.080281805000006,1023,2048,2048,2049
46.101283543,1023,2048,2048,2049
46.122322144,1023,2048,2048,2049
46.143792449,1023,2048,2048,2049
46.165060101,1023,2048,2048,2049
46.186315532,1023,2048,2048,2049
46.20756857,1023,2048,2048,2049
46.219375618,1023,2048,2048,2049
46.240773379000004,1023,2048,2048,2049
46.262323054,1023,2048,2048,2049
46.283829939,1023,2048,2048,2049
46.305504191000004,1023,2048,2048,2049
46.326866196000005,1023,2048,2048,2049
46.34867752,1023,2048,2048,2049
46.370177132,1023,2048,2048,2049
46.392119017000006,1023,2048,2048,2049
46.411621042,1023,2048,2048,2049
46.443347423000006,1023,2048,2048,2049
46.455333414,1023,2048,2048,2049
46.480745061,1023,2048,2048,2049
46.501764845000004,1023,2048,2048,2049
46.523809574000005,1023,2048,2048,2049
46.536515139,1023,2048,2048,2049
46.560339253,1023,2048,2048,2049
46.582067358,1023,2048,2048,2049
46.594825556,1023,2048,2048,2049
46.622113222,1023,2048,2048,2049
46.643347038,1023,2048,2048,2049
46.665606226,1023,2048,2048,2049
46.68907457,1023,2048,2048,2049
46.710433325000004,1023,2048,2048,2049
46.731835241000006,1023,2048,2048,2049
46.753093802,1023,2048,2048,2049
46.775221126000005,1023,2048,2048,2049
46.796597464,1023,2048,2048,2049
46.817707646,1023,2048,2048,2049
46.8391533,1023,2048,2048,2049
46.860005646000005,1023,2048,2048,2049
46.879881211000004,1023,2048,2048,2049
46.899593254,1023,2048,2048,2049
46.919835215000006,1023,2048,2048,2049
46.939929057,1023,2048,2048,2049
46.961029057000005,1023,2048,2048,2049
46.981239681000005,1023,2048,2048,2049
46.992536126000005,1023,2048,2048,2049
47.013353315,1023,2048,2048,2049
47.034930121,1023,2048,2048,2049
47.056045785,1023,2048,2048,2049
47.077112069,1023,2048,2048,2049
47.098686323,1023,2048,2048,2049
47.119886597000004,1023,2048,2048,2049
47.132685647,1023,2048,2048,2049
47.151482152,1023,2048,2048,2049
47.169807004000006,1023,2048,2048,2049
47.190984052000005,1023,2048,2048,2049
47.213250647,1023,2048,2048,2049
47.237175055,1023,2048,2048,2049
47.250161862000006,1023,2048,2048,2049
47.266306232000005,1023,2048,2048,2049
47.278399220000004,1023,2048,2048,2049
47.299644999,1023,2048,2048,2049
47.320794796,1023,2048,2048,2049
47.341984486,1023,2048,2048,2049
47.363052456000005,1023,2048,2048,2049
47.383896563,1023,2048,2048,2049
47.412089115,1023,2048,2048,2049
47.434179365000006,1023,2048,2048,2049
47.44924643,1023,2048,2048,2049
47.460592861,1023,2048,2048,2049
47.481169852,1023,2048,2048,2049
47.492521886000006,1023,2048,2048,2049
47.512295397,1023,2048,2048,2049
47.532251007000006,1023,2048,2048,2049
47.553594450000006,1023,2048,2048,2049
47.580145155000004,1023,2048,2048,2049
47.602279793,1023,2048,2048,2049
47.623730493000004,1023,2048,2048,2049
47.649481018,1023,2048,2048,2049
47.672832725000006,1023,2048,2048,2049
47.708717868,1023,2048,2048,2049
47.721662098,1023,2048,2048,2049
47.758184322000005,1023,2048,2048,2049
47.782321598,1023,2048,2048,2049
47.794278259,1023,2048,2048,2049
47.822717180000005,1023,2048,2048,2049
47.838386686,1023,2048,2048,2049
47.859284134000006,1023,2048,2048,2049
47.874572749,1023,2048,2048,2049
47.895243788,1023,2048,2048,2049
47.916677865000004,1023,2048,2048,2049
47.937918749000005,1023,2048,2048,2049
47.950346695,1023,2048,2048,2049
47.971494556,1023,2048,2048,2049
47.993138354,1023,2048,2048,2049
48.014932376000004,1023,2048,2048,2049
48.028986135000004,1023,2048,2048,2049
48.045434851,1023,2048,2048,2049
48.077482922,1023,2048,2048,2049
48.1021081,1023,2048,2048,2049
48.124556373000004,1023,2048,2048,2049
48.137887055,1023,2048,2048,2049
48.171661655,1023,2048,2048,2049
48.194729185,1023,2048,2048,2049
48.217216741,1023,2048,2048,2049
48.240017811,1023,2048,2048,2049
48.253695818000004,1023,2048,2048,2049
48.289026823,1023,2048,2048,2049
48.309381208000005,1023,2048,2048,2049
48.340984709000004,1023,2048,2048,2049
48.364748939,1023,2048,2048,2049
48.377908091,1023,2048,2048,2049
48.400096779,1023,2048,2048,2049
48.421800364000006,1023,2048,2048,2049
48.433609345,1023,2048,2048,2049
48.445290317,1023,2048,2048,2049
48.456557688000004,1023,2048,2048,2049
48.478788086,1023,2048,2048,2049
48.502549672,1023,2048,2048,2049
48.520534553000005,1023,2048,2048,2049
48.544124301000004,1023,2048,2048,2049
48.571564125,1023,2048,2048,2049
48.594076404000006,1023,2048,2048,2049
48.607148571,1023,2048,2048,2049
48.640649799,1023,2048,2048,2049
48.67789134900001,1023,2048,2048,2049
48.697830822,1023,2048,2048,2049
48.712473632000005,1023,2048,2048,2049
48.739803147,1023,2048,2048,2049
48.761901407,1023,2048,2048,2049
48.774208134000006,1023,2048,2048,2049
48.796181790000006,1023,2048,2048,2049
48.818731355000004,1023,2048,2048,2049
48.831447186000005,1023,2048,2048,2049
48.853978375000004,1023,2048,2048,2049
48.875168247000005,1023,2048,2048,2049
48.902493003000004,1023,2048,2048,2049
48.923409138000004,1023,2048,2048,2049
48.938627358000005,1023,2048,2048,2049
48.967225984,1023,2048,2048,2049
48.986784442,1023,2048,2048,2049
48.998675746,1023,2048,2048,2049
49.022879682,1023,2048,2048,2049
49.043756554000005,1023,2048,2048,2049
49.066328447000004,1023,2048,2048,2049
49.088004828,1023,2048,2048,2049
49.109270114000005,1023,2048,2048,2049
49.131109729,1023,2048,2048,2049
49.152421649000004,1023,2048,2048,2049
49.173251018,1023,2048,2048,2049
49.194217809,1023,2048,2048,2049
49.215885753,1023,2048,2048,2049
49.237609402000004,1023,2048,2048,2049
49.260352308,1023,2048,2048,2049
49.291379359000004,1023,2048,2048,2049
49.314076347000004,1023,2048,2048,2049
49.336332452,1023,2048,2048,2049
49.348344616000006,1023,2048,2048,2049
49.368122382,1023,2048,2048,2049
49.388417568,1023,2048,2048,2049
49.408458031,1023,2048,2048,2049
49.420464804000005,1023,2048,2048,2049
49.455043391000004,1023,2048,2048,2049
49.476912129000006,1023,2048,2048,2049
49.498863292,1023,2048,2048,2049
49.521047197,1023,2048,2048,2049
49.568252034000004,1023,2048,2048,2049
49.590470489000005,1023,2048,2048,2049
49.613223170000005,1023,2048,2048,2049
49.63490848,1023,2048,2048,2049
49.647268981,1023,2048,2048,2049
49.661104130000005,1023,2048,2048,2049
49.683144242000004,1023,2048,2048,2049
49.708532638,1023,2048,2048,2049
49.727842034000005,1023,2048,2048,2049
49.740222919000004,1023,2048,2048,2049
49.761403030000004,1023,2048,2048,2049
49.781380761,1023,2048,2048,2049
49.802293427,1023,2048,2048,2049
49.815209582,1023,2048,2048,2049
49.839206746,1023,2048,2048,2049
49.860825578000004,1023,2048,2048,2049
49.882163633000005,1023,2048,2048,2049
49.904256289,1023,2048,2048,2049
49.931239473000005,1023,2048,2048,2049
49.952407368,1023,2048,2048,2049
49.972893809000006,1023,2048,2048,2049
49.993611412,1023,2048,2048,2049
50.01419139,1023,2048,2048,2049
50.0362443,1023,2048,2048,2049
50.059755687000006,1023,2048,2048,2049
50.08076442,1023,2048,2048,2049
50.1024575,1023,2048,2048,2049
50.114376456,1023,2048,2048,2049
50.136256915000004,1023,2048,2048,2049
50.15771985000001,1023,2048,2048,2049
50.179101973,1023,2048,2048,2049
50.200477830000004,1023,2048,2048,2049
50.22279647800001,1023,2048,2048,2049
50.244539387,1023,2048,2048,2049
50.266145826000006,1023,2048,2048,2049
50.287671565000004,1023,2048,2048,2049
50.309526386,1023,2048,2048,2049
50.331419058,1023,2048,2048,2049
50.353704451000006,1023,2048,2048,2049
50.375730314,1023,2048,2048,2049
50.397538343,1023,2048,2048,2049
50.40981755,1023,2048,2048,2049
50.431567414,1023,2048,2048,2049
50.453805724000006,1023,2048,2048,2049
50.476294784000004,1023,2048,2048,2049
50.489166227000005,1023,2048,2048,2049
50.510851718000005,1023,2048,2048,2049
50.52431011,1023,2048,2048,2049
50.547781205,1023,2048,2048,2049
50.578890966,1023,2048,2048,2049
50.601656921,1023,2048,2048,2049
50.625436155,1023,2048,2048,2049
50.642669288,1023,2048,2048,2049
50.665168066,1023,2048,2048,2049
50.690017567000005,1023,2048,2048,2049
50.711555221000005,1023,2048,2048,2049
50.732521411,1023,2048,2048,2049
50.753490053,1023,2048,2048,2049
50.774906053,1023,2048,2048,2049
50.795738093000004,1023,2048,2048,2049
50.81692306,1023,2048,2048,2049
50.837278481000006,1023,2048,2048,2049
50.858740985000004,1023,2048,2048,2049
50.870797907000004,1023,2048,2048,2049
50.89753772,1023,2048,2048,2049
50.921536848,1023,2048,2048,2049
50.944231397,1023,2048,2048,2049
50.966806940000005,1023,2048,2048,2049
50.979379525000006,1023,2048,2048,2049
51.002753845,1023,2048,2048,2049
51.028150028000006,1023,2048,2048,2049
51.054353836000004,1023,2048,2048,2049
51.078078915000006,1023,2048,2048,2049
51.102484697,1023,2048,2048,2049
51.116358685,1023,2048,2048,2049
51.139893677,1023,2048,2048,2049
51.162917277000005,1023,2048,2048,2049
51.186341038,1023,2048,2048,2049
51.221276367,1023,2048,2048,2049
51.244337041,1023,2048,2048,2049
51.267489780000005,1023,2048,2048,2049
51.290354828000005,1023,2048,2048,2049
51.313437397,1023,2048,2048,2049
51.336485676,1023,2048,2048,2049
51.357704019,1023,2048,2048,2049
51.390210272000004,1023,2048,2048,2049
51.413825257000006,1023,2048,2048,2049
51.44026127,1023,2048,2048,2049
51.459901493000004,1023,2048,2048,2049
51.503039481,1023,2048,2048,2049
51.54244167,1023,2048,2048,2049
51.577439410000004,1023,2048,2048,2049
51.590360393000005,1023,2048,2048,2049
51.613183795000005,1023,2048,2048,2049
51.635753534,1023,2048,2048,2049
51.648383261000006,1023,2048,2048,2049
51.675163434000005,1023,2048,2048,2049
51.689047843000004,1023,2048,2048,2049
51.712224293000006,1023,2048,2048,2049
51.736014431,1023,2048,2048,2049
51.759306766,1023,2048,2048,2049
51.781836580000004,1023,2048,2048,2049
51.805828744,1023,2048,2048,2049
51.818291645,1023,2048,2048,2049
51.841919902,1023,2048,2048,2049
51.876674087000005,1023,2048,2048,2049
51.918541206,1023,2048,2048,2049
51.939902275,1023,2048,2048,2049
51.959420223,1023,2048,2048,2049
51.993716242000005,1023,2048,2048,2049
52.00574367,1023,2048,2048,2049
52.02839358000001,1023,2048,2048,2049
52.051114559000005,1023,2048,2048,2049
52.078763293,1023,2048,2048,2049
52.101623153000006,1023,2048,2048,2049
52.123543202,1023,2048,2048,2049
52.146130467000006,1023,2048,2048,2049
52.169350830000006,1023,2048,2048,2049
52.181890110000005,1023,2048,2048,2049
52.204226709000004,1023,2048,2048,2049
52.227185609,1023,2048,2048,2049
52.250590696,1023,2048,2048,2049
52.270467201,1023,2048,2048,2049
52.289645692,1023,2048,2048,2049
52.303458341,1023,2048,2048,2049
52.326445676000006,1023,2048,2048,2049
52.339217208,1023,2048,2048,2049
52.378313591,1023,2048,2048,2049
52.40215871,1023,2048,2048,2049
52.426048984000005,1023,2048,2048,2049
52.458680971,1023,2048,2048,2049
52.484197207,1023,2048,2048,2049
52.497166806,1023,2048,2048,2049
52.519702747000004,1023,2048,2048,2049
52.552464447000006,1023,2048,2048,2049
52.578144732000005,1023,2048,2048,2049
52.593598617000005,1023,2048,2048,2049
52.610649549,1023,2048,2048,2049
52.642434615000006,1023,2048,2048,2049
52.664958899000005,1023,2048,2048,2049
52.681624252000006,1023,2048,2048,2049
52.705364728000006,1023,2048,2048,2049
52.72803102,1023,2048,2048,2049
52.750788431000004,1023,2048,2048,2049
52.773535753000004,1023,2048,2048,2049
52.796361412,1023,2048,2048,2049
52.819158720000004,1023,2048,2048,2049
52.842553218000006,1023,2048,2048,2049
52.866342928,1023,2048,2048,2049
52.890025533000006,1023,2048,2048,2049
52.903062068000004,1023,2048,2048,2049
52.915701626,1023,2048,2048,2049
52.938648156000006,1023,2048,2048,2049
52.951273983,1023,2048,2048,2049
52.97524536,1023,2048,2048,2049
52.999195416000006,1023,2048,2048,2049
53.021620422000005,1023,2048,2048,2049
53.044820252,1023,2048,2048,2049
53.067692031,1023,2048,2048,2049
53.091322622,1023,2048,2048,2049
53.115377135,1023,2048,2048,2049
53.13947514,1023,2048,2048,2049
53.162001281,1023,2048,2048,2049
53.174984711,1023,2048,2048,2049
53.200999894000006,1023,2048,2048,2049
53.223951477,1023,2048,2048,2049
53.246797332,1023,2048,2048,2049
53.269533566,1023,2048,2048,2049
53.291932627,1023,2048,2048,2049
53.324890101,1023,2048,2048,2049
53.341598848000004,1023,2048,2048,2049
53.364540956000006,1023,2048,2048,2049
53.377292756,1023,2048,2048,2049
53.397983501000006,1023,2048,2048,2049
53.412306951000005,1023,2048,2048,2049
53.42560566,1023,2048,2048,2049
53.459274317,1023,2048,2048,2049
53.482981687000006,1023,2048,2048,2049
53.498848656,1023,2048,2048,2049
53.521940166,1023,2048,2048,2049
53.535351768000005,1023,2048,2048,2049
53.559346699,1023,2048,2048,2049
53.587191767,1023,2048,2048,2049
53.609974749,1023,2048,2048,2049
53.63215442400001,1023,2048,2048,2049
53.655568028000005,1023,2048,2048,2049
53.673569035,1023,2048,2048,2049
53.689572086000005,1023,2048,2048,2049
53.714820931000006,1023,2048,2048,2049
53.728429022,1023,2048,2048,2049
53.75556513,1023,2048,2048,2049
53.769185366,1023,2048,2048,2049
53.805255831000004,1023,2048,2048,2049
53.834021959000005,1023,2048,2048,2049
53.856135739,1023,2048,2048,2049
53.878631369000004,1023,2048,2048,2049
53.891372831000005,1023,2048,2048,2049
53.914580144000006,1023,2048,2048,2049
53.937390127,1023,2048,2048,2049
53.960246510000005,1023,2048,2048,2049
53.982619287000006,1023,2048,2048,2049
54.004610291000006,1023,2048,2048,2049
54.027458662,1023,2048,2048,2049
54.050546370000006,1023,2048,2048,2049
54.074150088,1023,2048,2048,2049
54.097170944000005,1023,2048,2048,2049
54.120267666000004,1023,2048,2048,2049
54.149556295000004,1023,2048,2048,2049
54.181585968,1023,2048,2048,2049
54.204770879,1023,2048,2048,2049
54.229568509,1023,2048,2048,2049
54.253390763000006,1023,2048,2048,2049
54.276364263000005,1023,2048,2048,2049
54.293904783,1023,2048,2048,2049
54.331572696,1023,2048,2048,2049
54.354103688,1023,2048,2048,2049
54.376492467000006,1023,2048,2048,2049
54.398962795,1023,2048,2048,2049
54.421669572000006,1023,2048,2048,2049
54.445135542,1023,2048,2048,2049
54.468249628,1023,2048,2048,2049
54.490768157000005,1023,2048,2048,2049
54.513263966000004,1023,2048,2048,2049
54.537183125000006,1023,2048,2048,2049
54.567546670000006,1023,2048,2048,2049
54.59097396400001,1023,2048,2048,2049
54.60408615,1023,2048,2048,2049
54.635362187000005,1023,2048,2048,2049
54.65943969600001,1023,2048,2048,2049
54.68239477,1023,2048,2048,2049
54.705239771,1023,2048,2048,2049
54.71749415,1023,2048,2048,2049
54.739957769,1023,2048,2048,2049
54.762950845000006,1023,2048,2048,2049
54.785678844,1023,2048,2048,2049
54.808717985,1023,2048,2048,2049
54.831643227,1023,2048,2048,2049
54.854615916,1023,2048,2048,2049
54.877885613000004,1023,2048,2048,2049
54.902435361,1023,2048,2048,2049
54.915248194,1023,2048,2048,2049
54.93939462,1023,2048,2048,2049
54.965598685,1023,2048,2048,2049
54.988117769000006,1023,2048,2048,2049
55.011534569000005,1023,2048,2048,2049
55.03927769800001,1023,2048,2048,2049
55.052320385,1023,2048,2048,2049
55.075849764000004,1023,2048,2048,2049
55.09870372300001,1023,2048,2048,2049
55.121840877000004,1023,2048,2048,2049
55.145544771000004,1023,2048,2048,2049
55.16954096400001,1023,2048,2048,2049
55.183498591,1023,2048,2048,2049
55.217428010000006,1023,2048,2048,2049
55.241554994000005,1023,2048,2048,2049
55.25493344,1023,2048,2048,2049
55.277750933,1023,2048,2048,2049
55.300500241,1023,2048,2048,2049
55.323887589,1023,2048,2048,2049
55.347433908000006,1023,2048,2048,2049
55.35976487400001,1023,2048,2048,2049
55.382088276000005,1023,2048,2048,2049
55.405272971,1023,2048,2048,2049
55.428391245,1023,2048,2048,2049
55.440633473000005,1023,2048,2048,2049
55.465205147000006,1023,2048,2048,2049
55.48325735,1023,2048,2048,2049
55.499548506000004,1023,2048,2048,2049
55.520229997,1023,2048,2048,2049
55.533319943,1023,2048,2048,2049
55.557529502,1023,2048,2048,2049
55.57126860100001,1023,2048,2048,2049
55.594457658,1023,2048,2048,2049
55.607116815000005,1023,2048,2048,2049
55.630406763,1023,2048,2048,2049
55.653856592000004,1023,2048,2048,2049
55.677279994,1023,2048,2048,2049
55.711763481000006,1023,2048,2048,2049
55.734179266000005,1023,2048,2048,2049
55.747243181,1023,2048,2048,2049
55.77978576300001,1023,2048,2048,2049
55.804681847000005,1023,2048,2048,2049
55.817931889,1023,2048,2048,2049
55.840076244,1023,2048,2048,2049
55.853028565,1023,2048,2048,2049
55.87747797,1023,2048,2048,2049
55.900449174,1023,2048,2048,2049
55.923370792,1023,2048,2048,2049
55.946322098,1023,2048,2048,2049
55.970306323,1023,2048,2048,2049
55.997028552,1023,2048,2048,2049
56.011831827,1023,2048,2048,2049
56.037112454,1023,2048,2048,2049
56.059798953000005,1023,2048,2048,2049
56.082421233000005,1023,2048,2048,2049
56.105177166000004,1023,2048,2048,2049
56.129065926,1023,2048,2048,2049
56.151624523,1023,2048,2048,2049
56.174139737000004,1023,2048,2048,2049
56.196791012000006,1023,2048,2048,2049
56.21954353300001,1023,2048,2048,2049
56.243247066,1023,2048,2048,2049
56.266219254000006,1023,2048,2048,2049
56.27872171800001,1023,2048,2048,2049
56.30562148600001,1023,2048,2048,2049
56.32198984,1023,2048,2048,2049
56.347007064,1023,2048,2048,2049
56.371593365,1023,2048,2048,2049
56.387355884,1023,2048,2048,2049
56.421754250000006,1023,2048,2048,2049
56.44708124500001,1023,2048,2048,2049
56.47738513,1023,2048,2048,2049
56.492750854,1023,2048,2048,2049
56.51357917000001,1023,2048,2048,2049
56.52650422400001,1023,2048,2048,2049
56.548868901000006,1023,2048,2048,2049
56.573944934000004,1023,2048,2048,2049
56.586216386000004,1023,2048,2048,2049
56.599210815000006,1023,2048,2048,2049
56.620424389,1023,2048,2048,2049
56.642017613,1023,2048,2048,2049
56.667043634,1023,2048,2048,2049
56.689160796,1023,2048,2048,2049
56.701543707000006,1023,2048,2048,2049
56.714471694000004,1023,2048,2048,2049
56.74300439100001,1023,2048,2048,2049
56.755465425000004,1023,2048,2048,2049
56.776961089000004,1023,2048,2048,2049
56.799567885,1023,2048,2048,2049
56.821854306000006,1023,2048,2048,2049
56.843629957000005,1023,2048,2048,2049
56.875443234,1023,2048,2048,2049
56.896752015000004,1023,2048,2048,2049
56.927718166000005,1023,2048,2048,2049
56.944672519,1023,2048,2048,2049
56.980002107000004,1023,2048,2048,2049
57.008737661000005,1023,2048,2048,2049
57.032036781,1023,2048,2048,2049
57.065210014,1023,2048,2048,2049
57.086989358000004,1023,2048,2048,2049
57.108391666,1023,2048,2048,2049
57.130264412,1023,2048,2048,2049
57.151466278,1023,2048,2048,2049
57.172760373,1023,2048,2048,2049
57.194313311,1023,2048,2048,2049
57.218195166,1023,2048,2048,2049
57.240578646,1023,2048,2048,2049
57.26237784800001,1023,2048,2048,2049
57.274251099000004,1023,2048,2048,2049
57.295767269,1023,2048,2048,2049
57.317285625000004,1023,2048,2048,2049
57.329303896000006,1023,2048,2048,2049
57.351239119000006,1023,2048,2048,2049
57.373417979,1023,2048,2048,2049
57.39421462200001,1023,2048,2048,2049
57.41721548,1023,2048,2048,2049
57.437858778000006,1023,2048,2048,2049
57.457604651000004,1023,2048,2048,2049
57.47926858100001,1023,2048,2048,2049
57.492076189,1023,2048,2048,2049
57.52448793600001,1023,2048,2048,2049
57.542369233,1023,2048,2048,2049
57.564714020000004,1023,2048,2048,2049
57.586720695000004,1023,2048,2048,2049
57.609090506,1023,2048,2048,2049
57.631660619,1023,2048,2048,2049
57.653792713,1023,2048,2048,2049
57.675594315000005,1023,2048,2048,2049
57.697514834,1023,2048,2048,2049
57.719150424000006,1023,2048,2048,2049
57.731813300000006,1023,2048,2048,2049
57.754986118000005,1023,2048,2048,2049
57.776845177000006,1023,2048,2048,2049
57.798842023000006,1023,2048,2048,2049
57.824650561000006,1023,2048,2048,2049
57.84303271900001,1023,2048,2048,2049
57.864820775000005,1023,2048,2048,2049
57.889547271000005,1023,2048,2048,2049
57.922092281000005,1023,2048,2048,2049
57.9372315,1023,2048,2048,2049
57.961903501,1023,2048,2048,2049
57.996444874000005,1023,2048,2048,2049
58.020021862,1023,2048,2048,2049
58.042676146000005,1023,2048,2048,2049
58.064876096000006,1023,2048,2048,2049
58.087150741,1023,2048,2048,2049
58.110122444000005,1023,2048,2048,2049
58.133105579,1023,2048,2048,2049
58.155804741000004,1023,2048,2048,2049
58.168422839,1023,2048,2048,2049
58.191595541000005,1023,2048,2048,2049
58.20446118500001,1023,2048,2048,2049
58.216826939,1023,2048,2048,2049
58.239784434,1023,2048,2048,2049
58.266188035000006,1023,2048,2048,2049
58.29250926700001,1023,2048,2048,2049
58.314461869000006,1023,2048,2048,2049
58.334477979000006,1023,2048,2048,2049
58.360732168000006,1023,2048,2048,2049
58.375707204,1023,2048,2048,2049
58.390171134000006,1023,2048,2048,2049
58.405051069,1023,2048,2048,2049
58.418680082,1023,2048,2048,2049
58.438572643,1023,2048,2048,2049
58.454260666,1023,2048,2048,2049
58.48141909900001,1023,2048,2048,2049
58.512378421,1023,2048,2048,2049
58.537712689,1023,2048,2048,2049
58.550909086000004,1023,2048,2048,2049
58.577322113,1023,2048,2048,2049
58.604537147,1023,2048,2048,2049
58.61828066,1023,2048,2048,2049
58.642849642,1023,2048,2048,2049
58.66972366,1023,2048,2048,2049
58.695447897,1023,2048,2048,2049
58.719829285,1023,2048,2048,2049
58.746581626,1023,2048,2048,2049
58.761466339,1023,2048,2048,2049
58.790440195,1023,2048,2048,2049
58.816164348,1023,2048,2048,2049
58.84103734400001,1023,2048,2048,2049
58.854715803000005,1023,2048,2048,2049
58.880137425,1023,2048,2048,2049
58.896489531,1023,2048,2048,2049
58.924431369000004,1023,2048,2048,2049
58.946523945,1023,2048,2048,2049
58.970221631,1023,2048,2048,2049
58.999812408000004,1023,2048,2048,2049
59.033143893,1023,2048,2048,2049
59.062329331,1023,2048,2048,2049
59.087103865,1023,2048,2048,2049
59.112245151,1023,2048,2048,2049
59.141852287000006,1023,2048,2048,2049
59.164765362000004,1023,2048,2048,2049
59.18774843400001,1023,2048,2048,2049
59.200906254,1023,2048,2048,2049
59.225212145,1023,2048,2048,2049
59.26643056100001,1023,2048,2048,2049
59.291559166000006,1023,2048,2048,2049
59.318355997000005,1023,2048,2048,2049
59.353682377000005,1023,2048,2048,2049
59.367081978,1023,2048,2048,2049
59.388494393,1023,2048,2048,2049
59.412225831,1023,2048,2048,2049
59.439080483000005,1023,2048,2048,2049
59.465771673000006,1023,2048,2048,2049
59.495318408,1023,2048,2048,2049
59.522237183,1023,2048,2048,2049
59.548212623000005,1023,2048,2048,2049
59.572473734000006,1023,2048,2048,2049
59.59552428200001,1023,2048,2048,2049
59.61646944700001,1023,2048,2048,2049
59.652086915000005,1023,2048,2048,2049
59.685351842,1023,2048,2048,2049
59.706350301,1023,2048,2048,2049
59.722833914000006,1023,2048,2048,2049
59.744198504,1023,2048,2048,2049
59.767968053000004,1023,2048,2048,2049
59.791881095,1023,2048,2048,2049
59.815872069,1023,2048,2048,2049
59.839817322,1023,2048,2048,2049
59.863063655000005,1023,2048,2048,2049
59.886758188,1023,2048,2048,2049
59.910313306000006,1023,2048,2048,2049
59.93345316400001,1023,2048,2048,2049
59.957191899,1023,2048,2048,2049
59.971993736,1023,2048,2048,2049
59.998119069000005,1023,2048,2048,2049
60.013658795000005,1023,2048,2048,2049
60.041593474,1023,2048,2048,2049
60.05830644500001,1023,2048,2048,2049
60.076738337,1023,2048,2048,2049
60.104707312,1023,2048,2048,2049
60.128749854000006,1023,2048,2048,2049
60.159976471,1023,2048,2048,2049
60.185042642000006,1023,2048,2048,2049
60.218664297000004,1023,2048,2048,2049
60.241500276000004,1023,2048,2048,2049
60.264276834,1023,2048,2048,2049
60.287257387000004,1023,2048,2048,2049
60.309853965,1023,2048,2048,2049
60.33306575900001,1023,2048,2048,2049
60.356427012000005,1023,2048,2048,2049
60.3800284,1023,2048,2048,2049
60.402869421000005,1023,2048,2048,2049
60.42617713800001,1023,2048,2048,2049
60.438846504000004,1023,2048,2048,2049
60.459433453,1023,2048,2048,2049
60.481820115000005,1023,2048,2048,2049
60.499056533,1023,2048,2048,2049
60.540219675,1023,2048,2048,2049
60.567300892000006,1023,2048,2048,2049
60.587932,1023,2048,2048,2049
60.609491187,1023,2048,2048,2049
60.630935161000004,1023,2048,2048,2049
60.653072598,1023,2048,2048,2049
60.674900219,1023,2048,2048,2049
60.696945031000006,1023,2048,2048,2049
60.718180502,1023,2048,2048,2049
60.74062875800001,1023,2048,2048,2049
60.762801198000005,1023,2048,2048,2049
60.785099662,1023,2048,2048,2049
60.80692749400001,1023,2048,2048,2049
60.828968414,1023,2048,2048,2049
60.850429454,1023,2048,2048,2049
60.871661299,1023,2048,2048,2049
60.893047038000006,1023,2048,2048,2049
60.914587649000005,1023,2048,2048,2049
